,Tipologia Bene,Quartiere,count
0,Abitazione indipendente,loseto,0
1,Abitazione indipendente,carrassi,0
2,Abitazione indipendente,carbonara,0
3,Abitazione indipendente,santo spirito,0
4,Abitazione indipendente,japigia,0
5,Abitazione indipendente,san paolo,0
6,Abitazione indipendente,picone,0
7,Abitazione indipendente,ceglie del campo,2
8,Abitazione indipendente,torre a mare,0
9,Abitazione indipendente,liberta',0
10,Abitazione indipendente,san nicola,0
11,Abitazione indipendente,murat,0
12,Abitazione indipendente,san pasquale,0
13,Abitazione indipendente,marconi,0
14,Appartamento,japigia,4
15,Appartamento,san nicola,21
16,Appartamento,carbonara,3
17,Appartamento,carrassi,3
18,Appartamento,murat,3
19,Appartamento,san paolo,3
20,Appartamento,picone,1
21,Appartamento,san pasquale,1
22,Appartamento,torre a mare,1
23,Appartamento,marconi,7
24,Appartamento,liberta',14
25,Appartamento,ceglie del campo,0
26,Appartamento,loseto,0
27,Appartamento,santo spirito,0
28,Appartamento   mq,japigia,0
29,Appartamento   mq,picone,0
30,Appartamento   mq,liberta',1
31,Appartamento   mq,marconi,0
32,Appartamento   mq,torre a mare,0
33,Appartamento   mq,san nicola,0
34,Appartamento   mq,murat,0
35,Appartamento   mq,loseto,0
36,Appartamento   mq,ceglie del campo,0
37,Appartamento   mq,carrassi,0
38,Appartamento   mq,carbonara,0
39,Appartamento   mq,santo spirito,0
40,Appartamento   mq,san pasquale,0
41,Appartamento   mq,san paolo,0
42,Cantina,japigia,1
43,Cantina,carbonara,0
44,Cantina,ceglie del campo,0
45,Cantina,loseto,0
46,Cantina,san pasquale,0
47,Cantina,murat,0
48,Cantina,san nicola,0
49,Cantina,liberta',0
50,Cantina,torre a mare,0
51,Cantina,marconi,0
52,Cantina,picone,0
53,Cantina,san paolo,0
54,Cantina,santo spirito,0
55,Cantina,carrassi,0
56,Cantinola,san pasquale,0
57,Cantinola,carrassi,1
58,Cantinola,japigia,1
59,Cantinola,carbonara,0
60,Cantinola,santo spirito,0
61,Cantinola,san paolo,0
62,Cantinola,picone,0
63,Cantinola,ceglie del campo,0
64,Cantinola,torre a mare,0
65,Cantinola,liberta',0
66,Cantinola,san nicola,0
67,Cantinola,murat,0
68,Cantinola,loseto,0
69,Cantinola,marconi,0
70,Deposito,japigia,3
71,Deposito,liberta',3
72,Deposito,san paolo,2
73,Deposito,picone,1
74,Deposito,loseto,0
75,Deposito,san nicola,0
76,Deposito,ceglie del campo,0
77,Deposito,san pasquale,0
78,Deposito,murat,0
79,Deposito,carrassi,0
80,Deposito,carbonara,0
81,Deposito,santo spirito,0
82,Deposito,marconi,0
83,Deposito,torre a mare,0
84,Garage,santo spirito,1
85,Garage,picone,1
86,Garage,marconi,2
87,Garage,liberta',4
88,Garage,carrassi,0
89,Garage,carbonara,0
90,Garage,loseto,0
91,Garage,san pasquale,0
92,Garage,murat,0
93,Garage,san nicola,0
94,Garage,torre a mare,0
95,Garage,san paolo,0
96,Garage,japigia,0
97,Garage,ceglie del campo,0
98,Locale,marconi,1
99,Locale,san nicola,3
100,Locale,carbonara,2
101,Locale,carrassi,2
102,Locale,liberta',2
103,Locale,picone,1
104,Locale,santo spirito,0
105,Locale,murat,0
106,Locale,ceglie del campo,0
107,Locale,loseto,0
108,Locale,san pasquale,0
109,Locale,torre a mare,0
110,Locale,san paolo,0
111,Locale,japigia,0
112,Locale commerciale,carrassi,0
113,Locale commerciale,liberta',2
114,Locale commerciale,carbonara,0
115,Locale commerciale,santo spirito,0
116,Locale commerciale,japigia,0
117,Locale commerciale,san paolo,0
118,Locale commerciale,picone,0
119,Locale commerciale,torre a mare,0
120,Locale commerciale,san nicola,0
121,Locale commerciale,murat,0
122,Locale commerciale,san pasquale,0
123,Locale commerciale,loseto,0
124,Locale commerciale,ceglie del campo,0
125,Locale commerciale,marconi,0
126,Posto auto,san pasquale,0
127,Posto auto,ceglie del campo,0
128,Posto auto,loseto,0
129,Posto auto,murat,0
130,Posto auto,carbonara,0
131,Posto auto,liberta',0
132,Posto auto,carrassi,0
133,Posto auto,santo spirito,0
134,Posto auto,san paolo,1
135,Posto auto,san nicola,0
136,Posto auto,japigia,0
137,Posto auto,torre a mare,0
138,Posto auto,picone,0
139,Posto auto,marconi,4
140,Terreno,loseto,0
141,Terreno,san pasquale,0
142,Terreno,murat,0
143,Terreno,liberta',0
144,Terreno,carrassi,0
145,Terreno,torre a mare,0
146,Terreno,marconi,0
147,Terreno,japigia,0
148,Terreno,picone,0
149,Terreno,santo spirito,1
150,Terreno,san nicola,1
151,Terreno,ceglie del campo,6
152,Terreno,san paolo,0
153,Terreno,carbonara,0
154,Terreno  e fabbricato,ceglie del campo,1
155,Terreno  e fabbricato,loseto,0
156,Terreno  e fabbricato,carbonara,0
157,Terreno  e fabbricato,carrassi,0
158,Terreno  e fabbricato,santo spirito,0
159,Terreno  e fabbricato,japigia,0
160,Terreno  e fabbricato,san paolo,0
161,Terreno  e fabbricato,picone,0
162,Terreno  e fabbricato,marconi,0
163,Terreno  e fabbricato,liberta',0
164,Terreno  e fabbricato,torre a mare,0
165,Terreno  e fabbricato,murat,0
166,Terreno  e fabbricato,san pasquale,0
167,Terreno  e fabbricato,san nicola,0
168,Terreno agricolo,torre a mare,0
169,Terreno agricolo,san paolo,0
170,Terreno agricolo,japigia,0
171,Terreno agricolo,santo spirito,0
172,Terreno agricolo,picone,0
173,Terreno agricolo,carrassi,0
174,Terreno agricolo,marconi,0
175,Terreno agricolo,liberta',0
176,Terreno agricolo,san nicola,0
177,Terreno agricolo,murat,0
178,Terreno agricolo,san pasquale,0
179,Terreno agricolo,ceglie del campo,0
180,Terreno agricolo,carbonara,1
181,Terreno agricolo,loseto,1
182,Terreno e fabbricato,santo spirito,0
183,Terreno e fabbricato,picone,0
184,Terreno e fabbricato,marconi,0
185,Terreno e fabbricato,japigia,0
186,Terreno e fabbricato,san paolo,0
187,Terreno e fabbricato,carbonara,0
188,Terreno e fabbricato,liberta',0
189,Terreno e fabbricato,murat,0
190,Terreno e fabbricato,san pasquale,0
191,Terreno e fabbricato,loseto,0
192,Terreno e fabbricato,torre a mare,0
193,Terreno e fabbricato,ceglie del campo,1
194,Terreno e fabbricato,san nicola,0
195,Terreno e fabbricato,carrassi,0
196,Ufficio,san pasquale,1
197,Ufficio,ceglie del campo,0
198,Ufficio,carrassi,0
199,Ufficio,liberta',0
200,Ufficio,loseto,0
201,Ufficio,torre a mare,0
202,Ufficio,marconi,0
203,Ufficio,picone,0
204,Ufficio,san paolo,0
205,Ufficio,japigia,0
206,Ufficio,santo spirito,0
207,Ufficio,carbonara,0
208,Ufficio,san nicola,0
209,Ufficio,murat,0
210,Ufficio pubblico,torre a mare,0
211,Ufficio pubblico,carrassi,0
212,Ufficio pubblico,carbonara,0
213,Ufficio pubblico,picone,0
214,Ufficio pubblico,japigia,0
215,Ufficio pubblico,marconi,1
216,Ufficio pubblico,santo spirito,0
217,Ufficio pubblico,loseto,0
218,Ufficio pubblico,san pasquale,0
219,Ufficio pubblico,san paolo,0
220,Ufficio pubblico,san nicola,0
221,Ufficio pubblico,liberta',0
222,Ufficio pubblico,ceglie del campo,0
223,Ufficio pubblico,murat,0
224,Villa,torre a mare,3
225,Villa,santo spirito,2
226,Villa,carbonara,1
227,Villa,japigia,1
228,Villa,loseto,1
229,Villa,san paolo,0
230,Villa,picone,0
231,Villa,ceglie del campo,0
232,Villa,murat,0
233,Villa,san nicola,0
234,Villa,liberta',0
235,Villa,carrassi,0
236,Villa,marconi,1
237,Villa,san pasquale,1
