,data_di_misurazione,inquinante_misurato,limite,unita_misura,valore_inquinante_misurato
0,2024-01-01,C6H6,5.0,µg/m³,0.75
1,2024-01-01,CO,10.0,mg/m³,0.5
2,2024-01-01,NO2,200.0,µg/m³,52.2
3,2024-01-01,O3,180.0,µg/m³,70.0
4,2024-01-01,PM10,50.0,µg/m³,18.6
5,2024-01-01,PM2.5,25.0,µg/m³,14.5
6,2024-01-02,C6H6,5.0,µg/m³,0.85
7,2024-01-02,CO,10.0,mg/m³,0.5
8,2024-01-02,NO2,200.0,µg/m³,57.6
9,2024-01-02,O3,180.0,µg/m³,66.0
10,2024-01-02,PM10,50.0,µg/m³,19.6
11,2024-01-02,PM2.5,25.0,µg/m³,9.5
12,2024-01-03,C6H6,5.0,µg/m³,1.25
13,2024-01-03,CO,10.0,mg/m³,0.65
14,2024-01-03,NO2,200.0,µg/m³,67.6
15,2024-01-03,O3,180.0,µg/m³,58.5
16,2024-01-03,PM10,50.0,µg/m³,19.8
17,2024-01-03,PM2.5,25.0,µg/m³,10.5
18,2024-01-04,C6H6,5.0,µg/m³,1.35
19,2024-01-04,CO,10.0,mg/m³,0.7
20,2024-01-04,NO2,200.0,µg/m³,75.0
21,2024-01-04,O3,180.0,µg/m³,66.5
22,2024-01-04,PM10,50.0,µg/m³,25.2
23,2024-01-04,PM2.5,25.0,µg/m³,13.0
24,2024-01-05,C6H6,5.0,µg/m³,0.95
25,2024-01-05,CO,10.0,mg/m³,0.7
26,2024-01-05,NO2,200.0,µg/m³,54.6
27,2024-01-05,O3,180.0,µg/m³,82.5
28,2024-01-05,PM10,50.0,µg/m³,19.4
29,2024-01-05,PM2.5,25.0,µg/m³,10.0
30,2024-01-06,C6H6,5.0,µg/m³,0.45
31,2024-01-06,CO,10.0,mg/m³,0.4
32,2024-01-06,NO2,200.0,µg/m³,66.0
33,2024-01-06,O3,180.0,µg/m³,84.0
34,2024-01-06,PM10,50.0,µg/m³,16.0
35,2024-01-06,PM2.5,25.0,µg/m³,6.67
36,2024-01-07,C6H6,5.0,µg/m³,0.85
37,2024-01-07,CO,10.0,mg/m³,0.5
38,2024-01-07,NO2,200.0,µg/m³,61.0
39,2024-01-07,O3,180.0,µg/m³,61.5
40,2024-01-07,PM10,50.0,µg/m³,16.8
41,2024-01-07,PM2.5,25.0,µg/m³,10.67
42,2024-01-08,C6H6,5.0,µg/m³,1.45
43,2024-01-08,CO,10.0,mg/m³,0.8
44,2024-01-08,NO2,200.0,µg/m³,68.6
45,2024-01-08,O3,180.0,µg/m³,51.0
46,2024-01-08,PM10,50.0,µg/m³,21.0
47,2024-01-08,PM2.5,25.0,µg/m³,11.67
48,2024-01-09,C6H6,5.0,µg/m³,1.25
49,2024-01-09,CO,10.0,mg/m³,0.8
50,2024-01-09,NO2,200.0,µg/m³,49.6
51,2024-01-09,O3,180.0,µg/m³,56.5
52,2024-01-09,PM10,50.0,µg/m³,15.75
53,2024-01-09,PM2.5,25.0,µg/m³,9.5
54,2024-01-10,C6H6,5.0,µg/m³,1.45
55,2024-01-10,CO,10.0,mg/m³,0.55
56,2024-01-10,NO2,200.0,µg/m³,48.6
57,2024-01-10,O3,180.0,µg/m³,43.0
58,2024-01-10,PM10,50.0,µg/m³,20.0
59,2024-01-10,PM2.5,25.0,µg/m³,13.33
60,2024-01-11,C6H6,5.0,µg/m³,1.65
61,2024-01-11,CO,10.0,mg/m³,0.6
62,2024-01-11,NO2,200.0,µg/m³,57.4
63,2024-01-11,O3,180.0,µg/m³,48.0
64,2024-01-11,PM10,50.0,µg/m³,20.6
65,2024-01-11,PM2.5,25.0,µg/m³,15.33
66,2024-01-12,C6H6,5.0,µg/m³,0.8
67,2024-01-12,CO,10.0,mg/m³,0.6
68,2024-01-12,NO2,200.0,µg/m³,39.8
69,2024-01-12,O3,180.0,µg/m³,74.5
70,2024-01-12,PM10,50.0,µg/m³,13.6
71,2024-01-12,PM2.5,25.0,µg/m³,7.0
72,2024-01-13,C6H6,5.0,µg/m³,0.9
73,2024-01-13,CO,10.0,mg/m³,0.45
74,2024-01-13,NO2,200.0,µg/m³,43.8
75,2024-01-13,O3,180.0,µg/m³,73.5
76,2024-01-13,PM10,50.0,µg/m³,14.6
77,2024-01-13,PM2.5,25.0,µg/m³,8.33
78,2024-01-14,C6H6,5.0,µg/m³,1.1
79,2024-01-14,CO,10.0,mg/m³,0.5
80,2024-01-14,NO2,200.0,µg/m³,44.0
81,2024-01-14,O3,180.0,µg/m³,64.0
82,2024-01-14,PM10,50.0,µg/m³,18.5
83,2024-01-14,PM2.5,25.0,µg/m³,11.0
84,2024-01-15,C6H6,5.0,µg/m³,0.9
85,2024-01-15,CO,10.0,mg/m³,0.55
86,2024-01-15,NO2,200.0,µg/m³,56.8
87,2024-01-15,O3,180.0,µg/m³,62.0
88,2024-01-15,PM10,50.0,µg/m³,13.0
89,2024-01-15,PM2.5,25.0,µg/m³,5.0
90,2024-01-16,C6H6,5.0,µg/m³,1.45
91,2024-01-16,CO,10.0,mg/m³,0.65
92,2024-01-16,NO2,200.0,µg/m³,61.0
93,2024-01-16,O3,180.0,µg/m³,70.0
94,2024-01-16,PM10,50.0,µg/m³,23.8
95,2024-01-16,PM2.5,25.0,µg/m³,12.67
96,2024-01-17,C6H6,5.0,µg/m³,0.85
97,2024-01-17,CO,10.0,mg/m³,0.55
98,2024-01-17,NO2,200.0,µg/m³,57.2
99,2024-01-17,O3,180.0,µg/m³,60.0
100,2024-01-17,PM10,50.0,µg/m³,15.2
101,2024-01-17,PM2.5,25.0,µg/m³,7.0
102,2024-01-18,C6H6,5.0,µg/m³,0.7
103,2024-01-18,CO,10.0,mg/m³,0.4
104,2024-01-18,NO2,200.0,µg/m³,43.8
105,2024-01-18,O3,180.0,µg/m³,71.5
106,2024-01-18,PM10,50.0,µg/m³,19.4
107,2024-01-18,PM2.5,25.0,µg/m³,8.67
108,2024-01-19,C6H6,5.0,µg/m³,0.9
109,2024-01-19,CO,10.0,mg/m³,0.45
110,2024-01-19,NO2,200.0,µg/m³,52.4
111,2024-01-19,O3,180.0,µg/m³,66.5
112,2024-01-19,PM10,50.0,µg/m³,20.4
113,2024-01-19,PM2.5,25.0,µg/m³,8.33
114,2024-01-20,C6H6,5.0,µg/m³,0.55
115,2024-01-20,CO,10.0,mg/m³,0.45
116,2024-01-20,NO2,200.0,µg/m³,34.0
117,2024-01-20,O3,180.0,µg/m³,76.0
118,2024-01-20,PM10,50.0,µg/m³,13.8
119,2024-01-20,PM2.5,25.0,µg/m³,4.67
120,2024-01-21,C6H6,5.0,µg/m³,0.45
121,2024-01-21,CO,10.0,mg/m³,0.35
122,2024-01-21,NO2,200.0,µg/m³,32.0
123,2024-01-21,O3,180.0,µg/m³,79.5
124,2024-01-21,PM10,50.0,µg/m³,16.8
125,2024-01-21,PM2.5,25.0,µg/m³,6.0
126,2024-01-22,C6H6,5.0,µg/m³,1.25
127,2024-01-22,CO,10.0,mg/m³,0.7
128,2024-01-22,NO2,200.0,µg/m³,84.6
129,2024-01-22,O3,180.0,µg/m³,72.0
130,2024-01-22,PM10,50.0,µg/m³,28.2
131,2024-01-22,PM2.5,25.0,µg/m³,14.0
132,2024-01-23,C6H6,5.0,µg/m³,0.95
133,2024-01-23,CO,10.0,mg/m³,0.75
134,2024-01-23,NO2,200.0,µg/m³,60.2
135,2024-01-23,O3,180.0,µg/m³,75.5
136,2024-01-23,PM10,50.0,µg/m³,20.4
137,2024-01-23,PM2.5,25.0,µg/m³,11.33
138,2024-01-24,C6H6,5.0,µg/m³,1.05
139,2024-01-24,CO,10.0,mg/m³,0.8
140,2024-01-24,NO2,200.0,µg/m³,84.2
141,2024-01-24,O3,180.0,µg/m³,79.5
142,2024-01-24,PM10,50.0,µg/m³,24.4
143,2024-01-24,PM2.5,25.0,µg/m³,11.33
144,2024-01-25,C6H6,5.0,µg/m³,1.6
145,2024-01-25,CO,10.0,mg/m³,0.8
146,2024-01-25,NO2,200.0,µg/m³,73.8
147,2024-01-25,O3,180.0,µg/m³,70.0
148,2024-01-25,PM10,50.0,µg/m³,28.8
149,2024-01-25,PM2.5,25.0,µg/m³,17.33
150,2024-01-26,C6H6,5.0,µg/m³,2.05
151,2024-01-26,CO,10.0,mg/m³,1.0
152,2024-01-26,NO2,200.0,µg/m³,90.75
153,2024-01-26,O3,180.0,µg/m³,68.5
154,2024-01-26,PM10,50.0,µg/m³,41.6
155,2024-01-26,PM2.5,25.0,µg/m³,27.67
156,2024-01-27,C6H6,5.0,µg/m³,0.9
157,2024-01-27,CO,10.0,mg/m³,1.0
158,2024-01-27,NO2,200.0,µg/m³,57.8
159,2024-01-27,O3,180.0,µg/m³,81.5
160,2024-01-27,PM10,50.0,µg/m³,42.8
161,2024-01-27,PM2.5,25.0,µg/m³,30.67
162,2024-01-28,C6H6,5.0,µg/m³,0.3
163,2024-01-28,CO,10.0,mg/m³,0.55
164,2024-01-28,NO2,200.0,µg/m³,36.2
165,2024-01-28,O3,180.0,µg/m³,75.5
166,2024-01-28,PM10,50.0,µg/m³,17.8
167,2024-01-28,PM2.5,25.0,µg/m³,7.33
168,2024-01-29,C6H6,5.0,µg/m³,0.6
169,2024-01-29,CO,10.0,mg/m³,0.45
170,2024-01-29,NO2,200.0,µg/m³,61.6
171,2024-01-29,O3,180.0,µg/m³,75.5
172,2024-01-29,PM10,50.0,µg/m³,17.8
173,2024-01-29,PM2.5,25.0,µg/m³,9.67
174,2024-01-30,C6H6,5.0,µg/m³,1.5
175,2024-01-30,CO,10.0,mg/m³,0.75
176,2024-01-30,NO2,200.0,µg/m³,88.2
177,2024-01-30,O3,180.0,µg/m³,74.5
178,2024-01-30,PM10,50.0,µg/m³,33.8
179,2024-01-30,PM2.5,25.0,µg/m³,22.67
180,2024-01-31,C6H6,5.0,µg/m³,1.8
181,2024-01-31,CO,10.0,mg/m³,0.75
182,2024-01-31,NO2,200.0,µg/m³,88.8
183,2024-01-31,O3,180.0,µg/m³,80.0
184,2024-01-31,PM10,50.0,µg/m³,36.8
185,2024-01-31,PM2.5,25.0,µg/m³,27.0
186,2024-02-01,C6H6,5.0,µg/m³,1.9
187,2024-02-01,CO,10.0,mg/m³,0.85
188,2024-02-01,NO2,200.0,µg/m³,91.0
189,2024-02-01,O3,180.0,µg/m³,84.0
190,2024-02-01,PM10,50.0,µg/m³,43.8
191,2024-02-01,PM2.5,25.0,µg/m³,31.33
192,2024-02-02,C6H6,5.0,µg/m³,1.3
193,2024-02-02,CO,10.0,mg/m³,0.85
194,2024-02-02,NO2,200.0,µg/m³,68.8
195,2024-02-02,O3,180.0,µg/m³,73.5
196,2024-02-02,PM10,50.0,µg/m³,28.8
197,2024-02-02,PM2.5,25.0,µg/m³,18.0
198,2024-02-03,C6H6,5.0,µg/m³,1.7
199,2024-02-03,CO,10.0,mg/m³,0.85
200,2024-02-03,NO2,200.0,µg/m³,87.8
201,2024-02-03,O3,180.0,µg/m³,79.5
202,2024-02-03,PM10,50.0,µg/m³,29.6
203,2024-02-03,PM2.5,25.0,µg/m³,17.0
204,2024-02-04,C6H6,5.0,µg/m³,2.05
205,2024-02-04,CO,10.0,mg/m³,0.9
206,2024-02-04,NO2,200.0,µg/m³,86.8
207,2024-02-04,O3,180.0,µg/m³,80.0
208,2024-02-04,PM10,50.0,µg/m³,35.8
209,2024-02-04,PM2.5,25.0,µg/m³,26.33
210,2024-02-05,C6H6,5.0,µg/m³,1.6
211,2024-02-05,CO,10.0,mg/m³,0.9
212,2024-02-05,NO2,200.0,µg/m³,72.4
213,2024-02-05,O3,180.0,µg/m³,77.0
214,2024-02-05,PM10,50.0,µg/m³,29.8
215,2024-02-05,PM2.5,25.0,µg/m³,19.33
216,2024-02-06,C6H6,5.0,µg/m³,1.7
217,2024-02-06,CO,10.0,mg/m³,0.65
218,2024-02-06,NO2,200.0,µg/m³,88.5
219,2024-02-06,O3,180.0,µg/m³,67.0
220,2024-02-06,PM10,50.0,µg/m³,32.25
221,2024-02-06,PM2.5,25.0,µg/m³,20.0
222,2024-02-07,C6H6,5.0,µg/m³,1.2
223,2024-02-07,CO,10.0,mg/m³,0.6
224,2024-02-07,NO2,200.0,µg/m³,69.5
225,2024-02-07,O3,180.0,µg/m³,65.0
226,2024-02-07,PM10,50.0,µg/m³,22.2
227,2024-02-07,PM2.5,25.0,µg/m³,14.67
228,2024-02-08,C6H6,5.0,µg/m³,1.5
229,2024-02-08,CO,10.0,mg/m³,0.65
230,2024-02-08,NO2,200.0,µg/m³,84.75
231,2024-02-08,O3,180.0,µg/m³,68.0
232,2024-02-08,PM10,50.0,µg/m³,29.25
233,2024-02-08,PM2.5,25.0,µg/m³,16.0
234,2024-02-09,C6H6,5.0,µg/m³,0.9
235,2024-02-09,CO,10.0,mg/m³,0.6
236,2024-02-09,NO2,200.0,µg/m³,52.33
237,2024-02-09,O3,180.0,µg/m³,75.0
238,2024-02-09,PM10,50.0,µg/m³,22.75
239,2024-02-09,PM2.5,25.0,µg/m³,10.0
240,2024-02-10,C6H6,5.0,µg/m³,0.7
241,2024-02-10,CO,10.0,mg/m³,0.45
242,2024-02-10,NO2,200.0,µg/m³,50.5
243,2024-02-10,O3,180.0,µg/m³,77.5
244,2024-02-10,PM10,50.0,µg/m³,33.8
245,2024-02-10,PM2.5,25.0,µg/m³,11.67
246,2024-02-11,C6H6,5.0,µg/m³,0.35
247,2024-02-11,CO,10.0,mg/m³,0.3
248,2024-02-11,NO2,200.0,µg/m³,44.5
249,2024-02-11,O3,180.0,µg/m³,75.5
250,2024-02-11,PM10,50.0,µg/m³,21.4
251,2024-02-11,PM2.5,25.0,µg/m³,6.0
252,2024-02-12,C6H6,5.0,µg/m³,1.05
253,2024-02-12,CO,10.0,mg/m³,0.5
254,2024-02-12,NO2,200.0,µg/m³,70.0
255,2024-02-12,O3,180.0,µg/m³,73.0
256,2024-02-12,PM10,50.0,µg/m³,19.2
257,2024-02-12,PM2.5,25.0,µg/m³,11.67
258,2024-02-13,C6H6,5.0,µg/m³,1.0
259,2024-02-13,CO,10.0,mg/m³,0.5
260,2024-02-13,NO2,200.0,µg/m³,43.5
261,2024-02-13,O3,180.0,µg/m³,64.5
262,2024-02-13,PM10,50.0,µg/m³,18.4
263,2024-02-13,PM2.5,25.0,µg/m³,11.0
264,2024-02-14,C6H6,5.0,µg/m³,0.65
265,2024-02-14,CO,10.0,mg/m³,0.3
266,2024-02-14,NO2,200.0,µg/m³,56.25
267,2024-02-14,O3,180.0,µg/m³,81.0
268,2024-02-14,PM10,50.0,µg/m³,19.5
269,2024-02-14,PM2.5,25.0,µg/m³,7.0
270,2024-02-15,C6H6,5.0,µg/m³,1.75
271,2024-02-15,CO,10.0,mg/m³,0.45
272,2024-02-15,NO2,200.0,µg/m³,67.5
273,2024-02-15,O3,180.0,µg/m³,92.0
274,2024-02-15,PM10,50.0,µg/m³,22.0
275,2024-02-15,PM2.5,25.0,µg/m³,13.5
276,2024-02-16,C6H6,5.0,µg/m³,1.7
277,2024-02-16,CO,10.0,mg/m³,0.65
278,2024-02-16,NO2,200.0,µg/m³,78.25
279,2024-02-16,O3,180.0,µg/m³,81.5
280,2024-02-16,PM10,50.0,µg/m³,32.0
281,2024-02-16,PM2.5,25.0,µg/m³,23.5
282,2024-02-17,C6H6,5.0,µg/m³,1.4
283,2024-02-17,CO,10.0,mg/m³,0.7
284,2024-02-17,NO2,200.0,µg/m³,71.6
285,2024-02-17,O3,180.0,µg/m³,88.0
286,2024-02-17,PM10,50.0,µg/m³,34.5
287,2024-02-17,PM2.5,25.0,µg/m³,25.67
288,2024-02-18,C6H6,5.0,µg/m³,1.0
289,2024-02-18,CO,10.0,mg/m³,0.55
290,2024-02-18,NO2,200.0,µg/m³,65.8
291,2024-02-18,O3,180.0,µg/m³,99.0
292,2024-02-18,PM10,50.0,µg/m³,34.75
293,2024-02-18,PM2.5,25.0,µg/m³,24.0
294,2024-02-19,C6H6,5.0,µg/m³,1.55
295,2024-02-19,CO,10.0,mg/m³,0.6
296,2024-02-19,NO2,200.0,µg/m³,89.8
297,2024-02-19,O3,180.0,µg/m³,92.0
298,2024-02-19,PM10,50.0,µg/m³,45.25
299,2024-02-19,PM2.5,25.0,µg/m³,31.67
300,2024-02-20,C6H6,5.0,µg/m³,1.05
301,2024-02-20,CO,10.0,mg/m³,0.6
302,2024-02-20,NO2,200.0,µg/m³,71.6
303,2024-02-20,O3,180.0,µg/m³,98.0
304,2024-02-20,PM10,50.0,µg/m³,36.0
305,2024-02-20,PM2.5,25.0,µg/m³,26.33
306,2024-02-21,C6H6,5.0,µg/m³,0.95
307,2024-02-21,CO,10.0,mg/m³,0.45
308,2024-02-21,NO2,200.0,µg/m³,71.2
309,2024-02-21,O3,180.0,µg/m³,86.0
310,2024-02-21,PM10,50.0,µg/m³,22.2
311,2024-02-21,PM2.5,25.0,µg/m³,12.67
312,2024-02-22,C6H6,5.0,µg/m³,0.7
313,2024-02-22,CO,10.0,mg/m³,0.5
314,2024-02-22,NO2,200.0,µg/m³,48.8
315,2024-02-22,O3,180.0,µg/m³,76.0
316,2024-02-22,PM10,50.0,µg/m³,23.2
317,2024-02-22,PM2.5,25.0,µg/m³,12.0
318,2024-02-23,C6H6,5.0,µg/m³,0.6
319,2024-02-23,CO,10.0,mg/m³,0.35
320,2024-02-23,NO2,200.0,µg/m³,43.0
321,2024-02-23,O3,180.0,µg/m³,84.0
322,2024-02-23,PM10,50.0,µg/m³,19.4
323,2024-02-23,PM2.5,25.0,µg/m³,10.67
324,2024-02-24,C6H6,5.0,µg/m³,0.75
325,2024-02-24,CO,10.0,mg/m³,0.55
326,2024-02-24,NO2,200.0,µg/m³,66.25
327,2024-02-24,O3,180.0,µg/m³,77.0
328,2024-02-24,PM10,50.0,µg/m³,17.4
329,2024-02-24,PM2.5,25.0,µg/m³,10.33
330,2024-02-25,C6H6,5.0,µg/m³,0.75
331,2024-02-25,CO,10.0,mg/m³,0.55
332,2024-02-25,NO2,200.0,µg/m³,55.0
333,2024-02-25,O3,180.0,µg/m³,73.0
334,2024-02-25,PM10,50.0,µg/m³,16.6
335,2024-02-25,PM2.5,25.0,µg/m³,8.0
336,2024-02-26,C6H6,5.0,µg/m³,0.8
337,2024-02-26,CO,10.0,mg/m³,0.45
338,2024-02-26,NO2,200.0,µg/m³,66.4
339,2024-02-26,O3,180.0,µg/m³,76.0
340,2024-02-26,PM10,50.0,µg/m³,13.75
341,2024-02-26,PM2.5,25.0,µg/m³,9.5
342,2024-02-27,C6H6,5.0,µg/m³,0.65
343,2024-02-27,CO,10.0,mg/m³,0.5
344,2024-02-27,NO2,200.0,µg/m³,48.6
345,2024-02-27,O3,180.0,µg/m³,82.5
346,2024-02-27,PM10,50.0,µg/m³,24.0
347,2024-02-27,PM2.5,25.0,µg/m³,9.33
348,2024-02-28,C6H6,5.0,µg/m³,0.45
349,2024-02-28,CO,10.0,mg/m³,0.3
350,2024-02-28,NO2,200.0,µg/m³,43.25
351,2024-02-28,O3,180.0,µg/m³,83.5
352,2024-02-28,PM10,50.0,µg/m³,17.0
353,2024-02-28,PM2.5,25.0,µg/m³,6.33
354,2024-02-29,C6H6,5.0,µg/m³,0.5
355,2024-02-29,CO,10.0,mg/m³,0.3
356,2024-02-29,NO2,200.0,µg/m³,44.6
357,2024-02-29,O3,180.0,µg/m³,80.0
358,2024-02-29,PM10,50.0,µg/m³,20.2
359,2024-02-29,PM2.5,25.0,µg/m³,9.0
360,2024-03-01,C6H6,5.0,µg/m³,0.55
361,2024-03-01,CO,10.0,mg/m³,0.35
362,2024-03-01,NO2,200.0,µg/m³,48.0
363,2024-03-01,O3,180.0,µg/m³,76.0
364,2024-03-01,PM10,50.0,µg/m³,25.4
365,2024-03-01,PM2.5,25.0,µg/m³,8.0
366,2024-03-02,C6H6,5.0,µg/m³,0.9
367,2024-03-02,CO,10.0,mg/m³,0.4
368,2024-03-02,NO2,200.0,µg/m³,49.4
369,2024-03-02,O3,180.0,µg/m³,82.5
370,2024-03-02,PM10,50.0,µg/m³,31.2
371,2024-03-02,PM2.5,25.0,µg/m³,12.0
372,2024-03-03,C6H6,5.0,µg/m³,0.45
373,2024-03-03,CO,10.0,mg/m³,0.35
374,2024-03-03,NO2,200.0,µg/m³,34.2
375,2024-03-03,O3,180.0,µg/m³,82.0
376,2024-03-03,PM10,50.0,µg/m³,13.4
377,2024-03-03,PM2.5,25.0,µg/m³,6.0
378,2024-03-04,C6H6,5.0,µg/m³,0.5
379,2024-03-04,CO,10.0,mg/m³,0.35
380,2024-03-04,NO2,200.0,µg/m³,58.4
381,2024-03-04,O3,180.0,µg/m³,91.0
382,2024-03-04,PM10,50.0,µg/m³,22.8
383,2024-03-04,PM2.5,25.0,µg/m³,6.33
384,2024-03-05,C6H6,5.0,µg/m³,1.05
385,2024-03-05,CO,10.0,mg/m³,0.65
386,2024-03-05,NO2,200.0,µg/m³,74.75
387,2024-03-05,O3,180.0,µg/m³,68.0
388,2024-03-05,PM10,50.0,µg/m³,21.5
389,2024-03-05,PM2.5,25.0,µg/m³,12.0
390,2024-03-06,C6H6,5.0,µg/m³,1.05
391,2024-03-06,CO,10.0,mg/m³,0.65
392,2024-03-06,NO2,200.0,µg/m³,69.0
393,2024-03-06,O3,180.0,µg/m³,77.0
394,2024-03-06,PM10,50.0,µg/m³,22.33
395,2024-03-06,PM2.5,25.0,µg/m³,12.5
396,2024-03-07,C6H6,5.0,µg/m³,0.55
397,2024-03-07,CO,10.0,mg/m³,0.35
398,2024-03-07,NO2,200.0,µg/m³,61.6
399,2024-03-07,O3,180.0,µg/m³,86.5
400,2024-03-07,PM10,50.0,µg/m³,14.25
401,2024-03-07,PM2.5,25.0,µg/m³,6.0
402,2024-03-08,C6H6,5.0,µg/m³,0.9
403,2024-03-08,CO,10.0,mg/m³,0.35
404,2024-03-08,NO2,200.0,µg/m³,61.8
405,2024-03-08,O3,180.0,µg/m³,88.5
406,2024-03-08,PM10,50.0,µg/m³,15.5
407,2024-03-08,PM2.5,25.0,µg/m³,8.5
408,2024-03-09,C6H6,5.0,µg/m³,0.7
409,2024-03-09,CO,10.0,mg/m³,0.35
410,2024-03-09,NO2,200.0,µg/m³,40.2
411,2024-03-09,O3,180.0,µg/m³,74.0
412,2024-03-09,PM10,50.0,µg/m³,17.4
413,2024-03-09,PM2.5,25.0,µg/m³,7.33
414,2024-03-10,C6H6,5.0,µg/m³,0.3
415,2024-03-10,CO,10.0,mg/m³,0.3
416,2024-03-10,NO2,200.0,µg/m³,26.4
417,2024-03-10,O3,180.0,µg/m³,92.5
418,2024-03-10,PM10,50.0,µg/m³,18.8
419,2024-03-10,PM2.5,25.0,µg/m³,7.33
420,2024-03-11,C6H6,5.0,µg/m³,0.5
421,2024-03-11,CO,10.0,mg/m³,0.3
422,2024-03-11,NO2,200.0,µg/m³,57.4
423,2024-03-11,O3,180.0,µg/m³,91.5
424,2024-03-11,PM10,50.0,µg/m³,13.2
425,2024-03-11,PM2.5,25.0,µg/m³,3.67
426,2024-03-12,C6H6,5.0,µg/m³,0.65
427,2024-03-12,CO,10.0,mg/m³,0.35
428,2024-03-12,NO2,200.0,µg/m³,41.5
429,2024-03-12,O3,180.0,µg/m³,83.5
430,2024-03-12,PM10,50.0,µg/m³,10.0
431,2024-03-12,PM2.5,25.0,µg/m³,3.5
432,2024-03-13,C6H6,5.0,µg/m³,0.6
433,2024-03-13,CO,10.0,mg/m³,0.3
434,2024-03-13,NO2,200.0,µg/m³,50.25
435,2024-03-13,O3,180.0,µg/m³,88.0
436,2024-03-13,PM10,50.0,µg/m³,14.2
437,2024-03-13,PM2.5,25.0,µg/m³,7.0
438,2024-03-14,C6H6,5.0,µg/m³,1.0
439,2024-03-14,CO,10.0,mg/m³,0.5
440,2024-03-14,NO2,200.0,µg/m³,72.25
441,2024-03-14,O3,180.0,µg/m³,90.0
442,2024-03-14,PM10,50.0,µg/m³,20.6
443,2024-03-14,PM2.5,25.0,µg/m³,13.0
444,2024-03-15,C6H6,5.0,µg/m³,1.3
445,2024-03-15,CO,10.0,mg/m³,0.55
446,2024-03-15,NO2,200.0,µg/m³,56.0
447,2024-03-15,O3,180.0,µg/m³,106.0
448,2024-03-15,PM10,50.0,µg/m³,28.0
449,2024-03-15,PM2.5,25.0,µg/m³,18.67
450,2024-03-16,C6H6,5.0,µg/m³,0.9
451,2024-03-16,CO,10.0,mg/m³,0.5
452,2024-03-16,NO2,200.0,µg/m³,37.25
453,2024-03-16,O3,180.0,µg/m³,96.0
454,2024-03-16,PM10,50.0,µg/m³,21.2
455,2024-03-16,PM2.5,25.0,µg/m³,14.0
456,2024-03-17,C6H6,5.0,µg/m³,0.85
457,2024-03-17,CO,10.0,mg/m³,0.45
458,2024-03-17,NO2,200.0,µg/m³,64.0
459,2024-03-17,O3,180.0,µg/m³,95.5
460,2024-03-17,PM10,50.0,µg/m³,21.5
461,2024-03-17,PM2.5,25.0,µg/m³,15.0
462,2024-03-18,C6H6,5.0,µg/m³,1.05
463,2024-03-18,CO,10.0,mg/m³,0.5
464,2024-03-18,NO2,200.0,µg/m³,56.6
465,2024-03-18,O3,180.0,µg/m³,91.0
466,2024-03-18,PM10,50.0,µg/m³,17.0
467,2024-03-18,PM2.5,25.0,µg/m³,12.0
468,2024-03-19,C6H6,5.0,µg/m³,0.55
469,2024-03-19,CO,10.0,mg/m³,0.45
470,2024-03-19,NO2,200.0,µg/m³,45.8
471,2024-03-19,O3,180.0,µg/m³,86.5
472,2024-03-19,PM10,50.0,µg/m³,12.25
473,2024-03-19,PM2.5,25.0,µg/m³,5.67
474,2024-03-20,C6H6,5.0,µg/m³,0.7
475,2024-03-20,CO,10.0,mg/m³,0.45
476,2024-03-20,NO2,200.0,µg/m³,62.5
477,2024-03-20,O3,180.0,µg/m³,92.0
478,2024-03-20,PM10,50.0,µg/m³,15.0
479,2024-03-20,PM2.5,25.0,µg/m³,10.67
480,2024-03-21,C6H6,5.0,µg/m³,1.0
481,2024-03-21,CO,10.0,mg/m³,0.6
482,2024-03-21,NO2,200.0,µg/m³,80.75
483,2024-03-21,O3,180.0,µg/m³,98.0
484,2024-03-21,PM10,50.0,µg/m³,20.33
485,2024-03-21,PM2.5,25.0,µg/m³,11.5
486,2024-03-22,C6H6,5.0,µg/m³,0.75
487,2024-03-22,CO,10.0,mg/m³,0.6
488,2024-03-22,NO2,200.0,µg/m³,60.33
489,2024-03-22,O3,180.0,µg/m³,104.0
490,2024-03-22,PM10,50.0,µg/m³,19.0
491,2024-03-22,PM2.5,25.0,µg/m³,12.0
492,2024-03-23,C6H6,5.0,µg/m³,0.85
493,2024-03-23,CO,10.0,mg/m³,0.45
494,2024-03-23,NO2,200.0,µg/m³,58.0
495,2024-03-23,O3,180.0,µg/m³,105.0
496,2024-03-23,PM10,50.0,µg/m³,19.5
497,2024-03-23,PM2.5,25.0,µg/m³,13.5
498,2024-03-24,C6H6,5.0,µg/m³,0.55
499,2024-03-24,CO,10.0,mg/m³,0.35
500,2024-03-24,NO2,200.0,µg/m³,55.0
501,2024-03-24,O3,180.0,µg/m³,103.0
502,2024-03-24,PM10,50.0,µg/m³,18.0
503,2024-03-24,PM2.5,25.0,µg/m³,9.0
504,2024-03-25,C6H6,5.0,µg/m³,0.55
505,2024-03-25,CO,10.0,mg/m³,0.4
506,2024-03-25,NO2,200.0,µg/m³,45.75
507,2024-03-25,O3,180.0,µg/m³,104.0
508,2024-03-25,PM10,50.0,µg/m³,15.33
509,2024-03-25,PM2.5,25.0,µg/m³,6.0
510,2024-03-26,C6H6,5.0,µg/m³,0.6
511,2024-03-26,CO,10.0,mg/m³,0.3
512,2024-03-26,NO2,200.0,µg/m³,50.0
513,2024-03-26,O3,180.0,µg/m³,79.5
514,2024-03-26,PM10,50.0,µg/m³,16.0
515,2024-03-26,PM2.5,25.0,µg/m³,6.5
516,2024-03-27,C6H6,5.0,µg/m³,0.65
517,2024-03-27,CO,10.0,mg/m³,0.3
518,2024-03-27,NO2,200.0,µg/m³,37.0
519,2024-03-27,O3,180.0,µg/m³,80.5
520,2024-03-27,PM10,50.0,µg/m³,103.0
521,2024-03-27,PM2.5,25.0,µg/m³,31.0
522,2024-03-28,C6H6,5.0,µg/m³,0.5
523,2024-03-28,CO,10.0,mg/m³,0.3
524,2024-03-28,NO2,200.0,µg/m³,40.4
525,2024-03-28,O3,180.0,µg/m³,74.5
526,2024-03-28,PM10,50.0,µg/m³,17.25
527,2024-03-28,PM2.5,25.0,µg/m³,5.33
528,2024-03-29,C6H6,5.0,µg/m³,0.7
529,2024-03-29,CO,10.0,mg/m³,0.3
530,2024-03-29,NO2,200.0,µg/m³,42.4
531,2024-03-29,O3,180.0,µg/m³,87.0
532,2024-03-29,PM10,50.0,µg/m³,27.75
533,2024-03-29,PM2.5,25.0,µg/m³,8.67
534,2024-03-30,C6H6,5.0,µg/m³,0.4
535,2024-03-30,CO,10.0,mg/m³,0.3
536,2024-03-30,NO2,200.0,µg/m³,23.2
537,2024-03-30,O3,180.0,µg/m³,89.0
538,2024-03-30,PM10,50.0,µg/m³,101.4
539,2024-03-30,PM2.5,25.0,µg/m³,21.0
540,2024-03-31,C6H6,5.0,µg/m³,0.25
541,2024-03-31,CO,10.0,mg/m³,0.2
542,2024-03-31,NO2,200.0,µg/m³,11.4
543,2024-03-31,O3,180.0,µg/m³,88.0
544,2024-03-31,PM10,50.0,µg/m³,45.2
545,2024-03-31,PM2.5,25.0,µg/m³,12.0
546,2024-04-01,C6H6,5.0,µg/m³,0.35
547,2024-04-01,CO,10.0,mg/m³,0.25
548,2024-04-01,NO2,200.0,µg/m³,21.25
549,2024-04-01,O3,180.0,µg/m³,88.0
550,2024-04-01,PM10,50.0,µg/m³,48.8
551,2024-04-01,PM2.5,25.0,µg/m³,13.67
552,2024-04-02,C6H6,5.0,µg/m³,0.55
553,2024-04-02,CO,10.0,mg/m³,0.35
554,2024-04-02,NO2,200.0,µg/m³,62.75
555,2024-04-02,O3,180.0,µg/m³,92.0
556,2024-04-02,PM10,50.0,µg/m³,14.5
557,2024-04-02,PM2.5,25.0,µg/m³,5.67
558,2024-04-03,C6H6,5.0,µg/m³,0.9
559,2024-04-03,CO,10.0,mg/m³,0.4
560,2024-04-03,NO2,200.0,µg/m³,75.67
561,2024-04-03,O3,180.0,µg/m³,87.5
562,2024-04-03,PM10,50.0,µg/m³,18.2
563,2024-04-03,PM2.5,25.0,µg/m³,8.67
564,2024-04-04,C6H6,5.0,µg/m³,0.8
565,2024-04-04,CO,10.0,mg/m³,0.5
566,2024-04-04,NO2,200.0,µg/m³,70.67
567,2024-04-04,O3,180.0,µg/m³,96.0
568,2024-04-04,PM10,50.0,µg/m³,21.25
569,2024-04-04,PM2.5,25.0,µg/m³,9.0
570,2024-04-05,C6H6,5.0,µg/m³,1.05
571,2024-04-05,CO,10.0,mg/m³,0.55
572,2024-04-05,NO2,200.0,µg/m³,86.5
573,2024-04-05,O3,180.0,µg/m³,95.0
574,2024-04-05,PM10,50.0,µg/m³,23.5
575,2024-04-05,PM2.5,25.0,µg/m³,12.67
576,2024-04-06,C6H6,5.0,µg/m³,0.9
577,2024-04-06,CO,10.0,mg/m³,0.55
578,2024-04-06,NO2,200.0,µg/m³,76.5
579,2024-04-06,O3,180.0,µg/m³,98.5
580,2024-04-06,PM10,50.0,µg/m³,21.2
581,2024-04-06,PM2.5,25.0,µg/m³,12.33
582,2024-04-07,C6H6,5.0,µg/m³,0.75
583,2024-04-07,CO,10.0,mg/m³,0.5
584,2024-04-07,NO2,200.0,µg/m³,61.5
585,2024-04-07,O3,180.0,µg/m³,97.0
586,2024-04-07,PM10,50.0,µg/m³,20.8
587,2024-04-07,PM2.5,25.0,µg/m³,12.0
588,2024-04-08,C6H6,5.0,µg/m³,0.8
589,2024-04-08,CO,10.0,mg/m³,0.4
590,2024-04-08,NO2,200.0,µg/m³,61.6
591,2024-04-08,O3,180.0,µg/m³,120.0
592,2024-04-08,PM10,50.0,µg/m³,19.6
593,2024-04-08,PM2.5,25.0,µg/m³,10.0
594,2024-04-09,C6H6,5.0,µg/m³,0.65
595,2024-04-09,CO,10.0,mg/m³,0.4
596,2024-04-09,NO2,200.0,µg/m³,48.25
597,2024-04-09,O3,180.0,µg/m³,101.5
598,2024-04-09,PM10,50.0,µg/m³,18.4
599,2024-04-09,PM2.5,25.0,µg/m³,7.33
600,2024-04-10,C6H6,5.0,µg/m³,0.7
601,2024-04-10,CO,10.0,mg/m³,0.4
602,2024-04-10,NO2,200.0,µg/m³,62.25
603,2024-04-10,O3,180.0,µg/m³,100.0
604,2024-04-10,PM10,50.0,µg/m³,25.8
605,2024-04-10,PM2.5,25.0,µg/m³,11.0
606,2024-04-11,C6H6,5.0,µg/m³,0.5
607,2024-04-11,CO,10.0,mg/m³,0.25
608,2024-04-11,NO2,200.0,µg/m³,46.0
609,2024-04-11,O3,180.0,µg/m³,85.0
610,2024-04-11,PM10,50.0,µg/m³,25.8
611,2024-04-11,PM2.5,25.0,µg/m³,10.33
612,2024-04-12,C6H6,5.0,µg/m³,0.6
613,2024-04-12,CO,10.0,mg/m³,0.4
614,2024-04-12,NO2,200.0,µg/m³,57.2
615,2024-04-12,O3,180.0,µg/m³,98.0
616,2024-04-12,PM10,50.0,µg/m³,27.75
617,2024-04-12,PM2.5,25.0,µg/m³,13.0
618,2024-04-13,C6H6,5.0,µg/m³,0.7
619,2024-04-13,CO,10.0,mg/m³,0.35
620,2024-04-13,NO2,200.0,µg/m³,68.25
621,2024-04-13,O3,180.0,µg/m³,112.0
622,2024-04-13,PM10,50.0,µg/m³,27.2
623,2024-04-13,PM2.5,25.0,µg/m³,14.33
624,2024-04-14,C6H6,5.0,µg/m³,0.75
625,2024-04-14,CO,10.0,mg/m³,0.4
626,2024-04-14,NO2,200.0,µg/m³,78.4
627,2024-04-14,O3,180.0,µg/m³,119.5
628,2024-04-14,PM10,50.0,µg/m³,24.4
629,2024-04-14,PM2.5,25.0,µg/m³,14.0
630,2024-04-15,C6H6,5.0,µg/m³,0.95
631,2024-04-15,CO,10.0,mg/m³,0.5
632,2024-04-15,NO2,200.0,µg/m³,70.0
633,2024-04-15,O3,180.0,µg/m³,114.0
634,2024-04-15,PM10,50.0,µg/m³,31.0
635,2024-04-15,PM2.5,25.0,µg/m³,17.0
636,2024-04-16,C6H6,5.0,µg/m³,0.55
637,2024-04-16,CO,10.0,mg/m³,0.35
638,2024-04-16,NO2,200.0,µg/m³,38.8
639,2024-04-16,O3,180.0,µg/m³,74.0
640,2024-04-16,PM10,50.0,µg/m³,40.0
641,2024-04-16,PM2.5,25.0,µg/m³,16.0
642,2024-04-17,C6H6,5.0,µg/m³,0.35
643,2024-04-17,CO,10.0,mg/m³,0.25
644,2024-04-17,NO2,200.0,µg/m³,28.4
645,2024-04-17,O3,180.0,µg/m³,91.5
646,2024-04-17,PM10,50.0,µg/m³,14.25
647,2024-04-17,PM2.5,25.0,µg/m³,5.5
648,2024-04-18,C6H6,5.0,µg/m³,0.55
649,2024-04-18,CO,10.0,mg/m³,0.3
650,2024-04-18,NO2,200.0,µg/m³,44.0
651,2024-04-18,O3,180.0,µg/m³,88.0
652,2024-04-18,PM10,50.0,µg/m³,11.0
653,2024-04-18,PM2.5,25.0,µg/m³,4.67
654,2024-04-19,C6H6,5.0,µg/m³,0.45
655,2024-04-19,CO,10.0,mg/m³,0.3
656,2024-04-19,NO2,200.0,µg/m³,46.2
657,2024-04-19,O3,180.0,µg/m³,91.5
658,2024-04-19,PM10,50.0,µg/m³,10.25
659,2024-04-19,PM2.5,25.0,µg/m³,5.33
660,2024-04-20,C6H6,5.0,µg/m³,0.55
661,2024-04-20,CO,10.0,mg/m³,0.3
662,2024-04-20,NO2,200.0,µg/m³,43.2
663,2024-04-20,O3,180.0,µg/m³,94.5
664,2024-04-20,PM10,50.0,µg/m³,14.0
665,2024-04-20,PM2.5,25.0,µg/m³,8.0
666,2024-04-21,C6H6,5.0,µg/m³,0.3
667,2024-04-21,CO,10.0,mg/m³,0.3
668,2024-04-21,NO2,200.0,µg/m³,51.2
669,2024-04-21,O3,180.0,µg/m³,91.0
670,2024-04-21,PM10,50.0,µg/m³,12.75
671,2024-04-21,PM2.5,25.0,µg/m³,8.67
672,2024-04-22,C6H6,5.0,µg/m³,0.4
673,2024-04-22,CO,10.0,mg/m³,0.3
674,2024-04-22,NO2,200.0,µg/m³,41.8
675,2024-04-22,O3,180.0,µg/m³,95.5
676,2024-04-22,PM10,50.0,µg/m³,13.25
677,2024-04-22,PM2.5,25.0,µg/m³,6.67
678,2024-04-23,C6H6,5.0,µg/m³,0.8
679,2024-04-23,CO,10.0,mg/m³,0.4
680,2024-04-23,NO2,200.0,µg/m³,57.2
681,2024-04-23,O3,180.0,µg/m³,97.0
682,2024-04-23,PM10,50.0,µg/m³,16.75
683,2024-04-23,PM2.5,25.0,µg/m³,9.5
684,2024-04-24,C6H6,5.0,µg/m³,0.6
685,2024-04-24,CO,10.0,mg/m³,0.3
686,2024-04-24,NO2,200.0,µg/m³,42.8
687,2024-04-24,O3,180.0,µg/m³,93.0
688,2024-04-24,PM10,50.0,µg/m³,12.6
689,2024-04-24,PM2.5,25.0,µg/m³,5.0
690,2024-04-25,C6H6,5.0,µg/m³,0.5
691,2024-04-25,CO,10.0,mg/m³,0.3
692,2024-04-25,NO2,200.0,µg/m³,30.0
693,2024-04-25,O3,180.0,µg/m³,101.5
694,2024-04-25,PM10,50.0,µg/m³,11.0
695,2024-04-25,PM2.5,25.0,µg/m³,4.33
696,2024-04-26,C6H6,5.0,µg/m³,0.5
697,2024-04-26,CO,10.0,mg/m³,0.25
698,2024-04-26,NO2,200.0,µg/m³,43.2
699,2024-04-26,O3,180.0,µg/m³,102.5
700,2024-04-26,PM10,50.0,µg/m³,16.6
701,2024-04-26,PM2.5,25.0,µg/m³,6.33
702,2024-04-27,C6H6,5.0,µg/m³,0.6
703,2024-04-27,CO,10.0,mg/m³,0.35
704,2024-04-27,NO2,200.0,µg/m³,48.8
705,2024-04-27,O3,180.0,µg/m³,97.5
706,2024-04-27,PM10,50.0,µg/m³,18.4
707,2024-04-27,PM2.5,25.0,µg/m³,9.33
708,2024-04-28,C6H6,5.0,µg/m³,0.75
709,2024-04-28,CO,10.0,mg/m³,0.4
710,2024-04-28,NO2,200.0,µg/m³,61.0
711,2024-04-28,O3,180.0,µg/m³,100.0
712,2024-04-28,PM10,50.0,µg/m³,18.4
713,2024-04-28,PM2.5,25.0,µg/m³,9.33
714,2024-04-29,C6H6,5.0,µg/m³,0.6
715,2024-04-29,CO,10.0,mg/m³,0.35
716,2024-04-29,NO2,200.0,µg/m³,53.8
717,2024-04-29,O3,180.0,µg/m³,101.5
718,2024-04-29,PM10,50.0,µg/m³,20.25
719,2024-04-29,PM2.5,25.0,µg/m³,10.0
720,2024-04-30,C6H6,5.0,µg/m³,0.7
721,2024-04-30,CO,10.0,mg/m³,0.4
722,2024-04-30,NO2,200.0,µg/m³,56.2
723,2024-04-30,O3,180.0,µg/m³,102.0
724,2024-04-30,PM10,50.0,µg/m³,22.25
725,2024-04-30,PM2.5,25.0,µg/m³,10.67
726,2024-05-01,C6H6,5.0,µg/m³,0.5
727,2024-05-01,CO,10.0,mg/m³,0.4
728,2024-05-01,NO2,200.0,µg/m³,22.2
729,2024-05-01,O3,180.0,µg/m³,99.5
730,2024-05-01,PM10,50.0,µg/m³,22.6
731,2024-05-01,PM2.5,25.0,µg/m³,9.33
732,2024-05-02,C6H6,5.0,µg/m³,0.7
733,2024-05-02,CO,10.0,mg/m³,0.3
734,2024-05-02,NO2,200.0,µg/m³,28.4
735,2024-05-02,O3,180.0,µg/m³,96.5
736,2024-05-02,PM10,50.0,µg/m³,20.0
737,2024-05-02,PM2.5,25.0,µg/m³,4.67
738,2024-05-03,C6H6,5.0,µg/m³,0.45
739,2024-05-03,CO,10.0,mg/m³,0.3
740,2024-05-03,NO2,200.0,µg/m³,32.6
741,2024-05-03,O3,180.0,µg/m³,84.5
742,2024-05-03,PM10,50.0,µg/m³,11.4
743,2024-05-03,PM2.5,25.0,µg/m³,3.67
744,2024-05-04,C6H6,5.0,µg/m³,0.4
745,2024-05-04,CO,10.0,mg/m³,0.3
746,2024-05-04,NO2,200.0,µg/m³,31.0
747,2024-05-04,O3,180.0,µg/m³,95.5
748,2024-05-04,PM10,50.0,µg/m³,12.2
749,2024-05-04,PM2.5,25.0,µg/m³,5.67
750,2024-05-05,C6H6,5.0,µg/m³,0.5
751,2024-05-05,CO,10.0,mg/m³,0.35
752,2024-05-05,NO2,200.0,µg/m³,35.4
753,2024-05-05,O3,180.0,µg/m³,98.0
754,2024-05-05,PM10,50.0,µg/m³,12.0
755,2024-05-05,PM2.5,25.0,µg/m³,7.0
756,2024-05-06,C6H6,5.0,µg/m³,0.55
757,2024-05-06,CO,10.0,mg/m³,0.4
758,2024-05-06,NO2,200.0,µg/m³,43.8
759,2024-05-06,O3,180.0,µg/m³,101.0
760,2024-05-06,PM10,50.0,µg/m³,17.6
761,2024-05-06,PM2.5,25.0,µg/m³,7.0
762,2024-05-07,C6H6,5.0,µg/m³,0.65
763,2024-05-07,CO,10.0,mg/m³,0.35
764,2024-05-07,NO2,200.0,µg/m³,36.6
765,2024-05-07,O3,180.0,µg/m³,92.0
766,2024-05-07,PM10,50.0,µg/m³,21.4
767,2024-05-07,PM2.5,25.0,µg/m³,9.33
768,2024-05-08,C6H6,5.0,µg/m³,0.85
769,2024-05-08,CO,10.0,mg/m³,0.4
770,2024-05-08,NO2,200.0,µg/m³,36.2
771,2024-05-08,O3,180.0,µg/m³,92.0
772,2024-05-08,PM10,50.0,µg/m³,21.25
773,2024-05-08,PM2.5,25.0,µg/m³,9.0
774,2024-05-09,C6H6,5.0,µg/m³,0.55
775,2024-05-09,CO,10.0,mg/m³,0.35
776,2024-05-09,NO2,200.0,µg/m³,28.6
777,2024-05-09,O3,180.0,µg/m³,91.5
778,2024-05-09,PM10,50.0,µg/m³,19.6
779,2024-05-09,PM2.5,25.0,µg/m³,7.33
780,2024-05-10,C6H6,5.0,µg/m³,0.35
781,2024-05-10,CO,10.0,mg/m³,0.3
782,2024-05-10,NO2,200.0,µg/m³,21.8
783,2024-05-10,O3,180.0,µg/m³,101.0
784,2024-05-10,PM10,50.0,µg/m³,16.6
785,2024-05-10,PM2.5,25.0,µg/m³,7.67
786,2024-05-11,C6H6,5.0,µg/m³,0.35
787,2024-05-11,CO,10.0,mg/m³,0.3
788,2024-05-11,NO2,200.0,µg/m³,42.2
789,2024-05-11,O3,180.0,µg/m³,102.0
790,2024-05-11,PM10,50.0,µg/m³,17.6
791,2024-05-11,PM2.5,25.0,µg/m³,8.0
792,2024-05-12,C6H6,5.0,µg/m³,0.45
793,2024-05-12,CO,10.0,mg/m³,0.35
794,2024-05-12,NO2,200.0,µg/m³,58.8
795,2024-05-12,O3,180.0,µg/m³,119.5
796,2024-05-12,PM10,50.0,µg/m³,17.0
797,2024-05-12,PM2.5,25.0,µg/m³,8.67
798,2024-05-13,C6H6,5.0,µg/m³,0.75
799,2024-05-13,CO,10.0,mg/m³,0.35
800,2024-05-13,NO2,200.0,µg/m³,45.4
801,2024-05-13,O3,180.0,µg/m³,115.5
802,2024-05-13,PM10,50.0,µg/m³,17.5
803,2024-05-13,PM2.5,25.0,µg/m³,8.33
804,2024-05-14,C6H6,5.0,µg/m³,0.7
805,2024-05-14,CO,10.0,mg/m³,0.3
806,2024-05-14,NO2,200.0,µg/m³,38.2
807,2024-05-14,O3,180.0,µg/m³,95.5
808,2024-05-14,PM10,50.0,µg/m³,20.25
809,2024-05-14,PM2.5,25.0,µg/m³,11.0
810,2024-05-15,C6H6,5.0,µg/m³,0.5
811,2024-05-15,CO,10.0,mg/m³,0.25
812,2024-05-15,NO2,200.0,µg/m³,27.75
813,2024-05-15,O3,180.0,µg/m³,87.5
814,2024-05-15,PM10,50.0,µg/m³,24.75
815,2024-05-15,PM2.5,25.0,µg/m³,9.33
816,2024-05-16,C6H6,5.0,µg/m³,0.25
817,2024-05-16,CO,10.0,mg/m³,0.25
818,2024-05-16,NO2,200.0,µg/m³,21.0
819,2024-05-16,O3,180.0,µg/m³,86.0
820,2024-05-16,PM10,50.0,µg/m³,37.75
821,2024-05-16,PM2.5,25.0,µg/m³,14.0
822,2024-05-17,C6H6,5.0,µg/m³,1.0
823,2024-05-17,CO,10.0,mg/m³,0.35
824,2024-05-17,NO2,200.0,µg/m³,53.4
825,2024-05-17,O3,180.0,µg/m³,88.0
826,2024-05-17,PM10,50.0,µg/m³,31.75
827,2024-05-17,PM2.5,25.0,µg/m³,12.67
828,2024-05-18,C6H6,5.0,µg/m³,0.6
829,2024-05-18,CO,10.0,mg/m³,0.45
830,2024-05-18,NO2,200.0,µg/m³,43.0
831,2024-05-18,O3,180.0,µg/m³,85.5
832,2024-05-18,PM10,50.0,µg/m³,45.4
833,2024-05-18,PM2.5,25.0,µg/m³,18.0
834,2024-05-19,C6H6,5.0,µg/m³,0.45
835,2024-05-19,CO,10.0,mg/m³,0.3
836,2024-05-19,NO2,200.0,µg/m³,32.4
837,2024-05-19,O3,180.0,µg/m³,91.5
838,2024-05-19,PM10,50.0,µg/m³,34.75
839,2024-05-19,PM2.5,25.0,µg/m³,16.67
840,2024-05-20,C6H6,5.0,µg/m³,0.8
841,2024-05-20,CO,10.0,mg/m³,0.3
842,2024-05-20,NO2,200.0,µg/m³,27.4
843,2024-05-20,O3,180.0,µg/m³,80.0
844,2024-05-20,PM10,50.0,µg/m³,42.0
845,2024-05-20,PM2.5,25.0,µg/m³,18.0
846,2024-05-21,C6H6,5.0,µg/m³,0.2
847,2024-05-21,CO,10.0,mg/m³,0.3
848,2024-05-21,NO2,200.0,µg/m³,25.8
849,2024-05-21,O3,180.0,µg/m³,84.5
850,2024-05-21,PM10,50.0,µg/m³,62.5
851,2024-05-21,PM2.5,25.0,µg/m³,20.67
852,2024-05-22,CO,10.0,mg/m³,0.3
853,2024-05-22,NO2,200.0,µg/m³,25.4
854,2024-05-22,O3,180.0,µg/m³,97.5
855,2024-05-22,PM10,50.0,µg/m³,15.25
856,2024-05-22,PM2.5,25.0,µg/m³,5.33
857,2024-05-23,CO,10.0,mg/m³,0.3
858,2024-05-23,NO2,200.0,µg/m³,31.8
859,2024-05-23,O3,180.0,µg/m³,92.0
860,2024-05-23,PM10,50.0,µg/m³,15.2
861,2024-05-23,PM2.5,25.0,µg/m³,6.33
862,2024-05-24,C6H6,5.0,µg/m³,0.9
863,2024-05-24,CO,10.0,mg/m³,0.35
864,2024-05-24,NO2,200.0,µg/m³,43.8
865,2024-05-24,O3,180.0,µg/m³,103.0
866,2024-05-24,PM10,50.0,µg/m³,17.6
867,2024-05-24,PM2.5,25.0,µg/m³,9.33
868,2024-05-25,C6H6,5.0,µg/m³,0.5
869,2024-05-25,CO,10.0,mg/m³,0.4
870,2024-05-25,NO2,200.0,µg/m³,41.6
871,2024-05-25,O3,180.0,µg/m³,92.0
872,2024-05-25,PM10,50.0,µg/m³,19.2
873,2024-05-25,PM2.5,25.0,µg/m³,9.67
874,2024-05-26,C6H6,5.0,µg/m³,0.4
875,2024-05-26,CO,10.0,mg/m³,0.25
876,2024-05-26,NO2,200.0,µg/m³,31.2
877,2024-05-26,O3,180.0,µg/m³,106.5
878,2024-05-26,PM10,50.0,µg/m³,11.4
879,2024-05-26,PM2.5,25.0,µg/m³,5.67
880,2024-05-27,C6H6,5.0,µg/m³,0.7
881,2024-05-27,CO,10.0,mg/m³,0.3
882,2024-05-27,NO2,200.0,µg/m³,32.6
883,2024-05-27,O3,180.0,µg/m³,104.5
884,2024-05-27,PM10,50.0,µg/m³,12.0
885,2024-05-27,PM2.5,25.0,µg/m³,5.0
886,2024-05-28,C6H6,5.0,µg/m³,0.55
887,2024-05-28,CO,10.0,mg/m³,0.3
888,2024-05-28,NO2,200.0,µg/m³,35.8
889,2024-05-28,O3,180.0,µg/m³,106.5
890,2024-05-28,PM10,50.0,µg/m³,14.0
891,2024-05-28,PM2.5,25.0,µg/m³,8.33
892,2024-05-29,C6H6,5.0,µg/m³,0.7
893,2024-05-29,CO,10.0,mg/m³,0.35
894,2024-05-29,NO2,200.0,µg/m³,29.8
895,2024-05-29,O3,180.0,µg/m³,101.0
896,2024-05-29,PM10,50.0,µg/m³,13.8
897,2024-05-29,PM2.5,25.0,µg/m³,7.0
898,2024-05-30,C6H6,5.0,µg/m³,0.4
899,2024-05-30,CO,10.0,mg/m³,0.35
900,2024-05-30,NO2,200.0,µg/m³,36.6
901,2024-05-30,O3,180.0,µg/m³,99.0
902,2024-05-30,PM10,50.0,µg/m³,16.2
903,2024-05-30,PM2.5,25.0,µg/m³,6.67
904,2024-05-31,C6H6,5.0,µg/m³,0.3
905,2024-05-31,CO,10.0,mg/m³,0.25
906,2024-05-31,NO2,200.0,µg/m³,32.2
907,2024-05-31,O3,180.0,µg/m³,71.5
908,2024-05-31,PM10,50.0,µg/m³,20.2
909,2024-05-31,PM2.5,25.0,µg/m³,9.0
910,2024-06-01,C6H6,5.0,µg/m³,0.4
911,2024-06-01,CO,10.0,mg/m³,0.25
912,2024-06-01,NO2,200.0,µg/m³,38.2
913,2024-06-01,O3,180.0,µg/m³,75.5
914,2024-06-01,PM10,50.0,µg/m³,22.2
915,2024-06-01,PM2.5,25.0,µg/m³,9.33
916,2024-06-02,C6H6,5.0,µg/m³,0.4
917,2024-06-02,CO,10.0,mg/m³,0.25
918,2024-06-02,NO2,200.0,µg/m³,27.0
919,2024-06-02,O3,180.0,µg/m³,81.0
920,2024-06-02,PM10,50.0,µg/m³,18.75
921,2024-06-02,PM2.5,25.0,µg/m³,8.33
922,2024-06-03,C6H6,5.0,µg/m³,0.7
923,2024-06-03,CO,10.0,mg/m³,0.25
924,2024-06-03,NO2,200.0,µg/m³,42.6
925,2024-06-03,O3,180.0,µg/m³,83.5
926,2024-06-03,PM10,50.0,µg/m³,20.5
927,2024-06-03,PM2.5,25.0,µg/m³,7.5
928,2024-06-04,C6H6,5.0,µg/m³,1.0
929,2024-06-04,CO,10.0,mg/m³,0.3
930,2024-06-04,NO2,200.0,µg/m³,31.4
931,2024-06-04,O3,180.0,µg/m³,101.5
932,2024-06-04,PM10,50.0,µg/m³,14.4
933,2024-06-04,PM2.5,25.0,µg/m³,6.67
934,2024-06-05,C6H6,5.0,µg/m³,1.1
935,2024-06-05,CO,10.0,mg/m³,0.3
936,2024-06-05,NO2,200.0,µg/m³,45.4
937,2024-06-05,O3,180.0,µg/m³,100.5
938,2024-06-05,PM10,50.0,µg/m³,16.0
939,2024-06-05,PM2.5,25.0,µg/m³,7.5
940,2024-06-06,C6H6,5.0,µg/m³,0.6
941,2024-06-06,CO,10.0,mg/m³,0.35
942,2024-06-06,NO2,200.0,µg/m³,60.8
943,2024-06-06,O3,180.0,µg/m³,97.0
944,2024-06-06,PM10,50.0,µg/m³,16.5
945,2024-06-06,PM2.5,25.0,µg/m³,7.33
946,2024-06-07,C6H6,5.0,µg/m³,0.95
947,2024-06-07,CO,10.0,mg/m³,0.4
948,2024-06-07,NO2,200.0,µg/m³,63.0
949,2024-06-07,O3,180.0,µg/m³,106.0
950,2024-06-07,PM10,50.0,µg/m³,18.5
951,2024-06-07,PM2.5,25.0,µg/m³,8.67
952,2024-06-08,C6H6,5.0,µg/m³,1.3
953,2024-06-08,CO,10.0,mg/m³,0.5
954,2024-06-08,NO2,200.0,µg/m³,74.4
955,2024-06-08,O3,180.0,µg/m³,116.0
956,2024-06-08,PM10,50.0,µg/m³,20.0
957,2024-06-08,PM2.5,25.0,µg/m³,11.33
958,2024-06-09,C6H6,5.0,µg/m³,0.55
959,2024-06-09,CO,10.0,mg/m³,0.5
960,2024-06-09,NO2,200.0,µg/m³,46.0
961,2024-06-09,O3,180.0,µg/m³,116.0
962,2024-06-09,PM10,50.0,µg/m³,26.5
963,2024-06-09,PM2.5,25.0,µg/m³,11.0
964,2024-06-10,C6H6,5.0,µg/m³,0.75
965,2024-06-10,CO,10.0,mg/m³,0.4
966,2024-06-10,NO2,200.0,µg/m³,54.0
967,2024-06-10,O3,180.0,µg/m³,103.0
968,2024-06-10,PM10,50.0,µg/m³,30.0
969,2024-06-10,PM2.5,25.0,µg/m³,11.5
970,2024-06-11,C6H6,5.0,µg/m³,0.65
971,2024-06-11,CO,10.0,mg/m³,0.35
972,2024-06-11,NO2,200.0,µg/m³,44.6
973,2024-06-11,O3,180.0,µg/m³,94.5
974,2024-06-11,PM10,50.0,µg/m³,30.75
975,2024-06-11,PM2.5,25.0,µg/m³,9.33
976,2024-06-12,C6H6,5.0,µg/m³,0.7
977,2024-06-12,CO,10.0,mg/m³,0.35
978,2024-06-12,NO2,200.0,µg/m³,48.4
979,2024-06-12,O3,180.0,µg/m³,87.5
980,2024-06-12,PM10,50.0,µg/m³,29.5
981,2024-06-12,PM2.5,25.0,µg/m³,11.33
982,2024-06-13,C6H6,5.0,µg/m³,0.5
983,2024-06-13,CO,10.0,mg/m³,0.4
984,2024-06-13,NO2,200.0,µg/m³,46.8
985,2024-06-13,O3,180.0,µg/m³,89.0
986,2024-06-13,PM10,50.0,µg/m³,27.6
987,2024-06-13,PM2.5,25.0,µg/m³,9.67
988,2024-06-14,C6H6,5.0,µg/m³,0.4
989,2024-06-14,CO,10.0,mg/m³,0.25
990,2024-06-14,NO2,200.0,µg/m³,43.8
991,2024-06-14,O3,180.0,µg/m³,90.0
992,2024-06-14,PM10,50.0,µg/m³,15.4
993,2024-06-14,PM2.5,25.0,µg/m³,5.0
994,2024-06-15,C6H6,5.0,µg/m³,0.5
995,2024-06-15,CO,10.0,mg/m³,0.3
996,2024-06-15,NO2,200.0,µg/m³,41.8
997,2024-06-15,O3,180.0,µg/m³,101.0
998,2024-06-15,PM10,50.0,µg/m³,17.8
999,2024-06-15,PM2.5,25.0,µg/m³,7.33
1000,2024-06-16,C6H6,5.0,µg/m³,0.5
1001,2024-06-16,CO,10.0,mg/m³,0.3
1002,2024-06-16,NO2,200.0,µg/m³,40.8
1003,2024-06-16,O3,180.0,µg/m³,101.5
1004,2024-06-16,PM10,50.0,µg/m³,20.4
1005,2024-06-16,PM2.5,25.0,µg/m³,8.67
1006,2024-06-17,C6H6,5.0,µg/m³,0.6
1007,2024-06-17,CO,10.0,mg/m³,0.25
1008,2024-06-17,NO2,200.0,µg/m³,45.2
1009,2024-06-17,O3,180.0,µg/m³,104.5
1010,2024-06-17,PM10,50.0,µg/m³,19.8
1011,2024-06-17,PM2.5,25.0,µg/m³,8.0
1012,2024-06-18,C6H6,5.0,µg/m³,0.75
1013,2024-06-18,CO,10.0,mg/m³,0.4
1014,2024-06-18,NO2,200.0,µg/m³,77.6
1015,2024-06-18,O3,180.0,µg/m³,89.5
1016,2024-06-18,PM10,50.0,µg/m³,22.0
1017,2024-06-18,PM2.5,25.0,µg/m³,10.67
1018,2024-06-19,C6H6,5.0,µg/m³,0.75
1019,2024-06-19,CO,10.0,mg/m³,0.4
1020,2024-06-19,NO2,200.0,µg/m³,70.6
1021,2024-06-19,O3,180.0,µg/m³,91.5
1022,2024-06-19,PM10,50.0,µg/m³,21.4
1023,2024-06-19,PM2.5,25.0,µg/m³,10.0
1024,2024-06-20,C6H6,5.0,µg/m³,0.6
1025,2024-06-20,CO,10.0,mg/m³,0.4
1026,2024-06-20,NO2,200.0,µg/m³,56.2
1027,2024-06-20,O3,180.0,µg/m³,111.5
1028,2024-06-20,PM10,50.0,µg/m³,53.4
1029,2024-06-20,PM2.5,25.0,µg/m³,14.67
1030,2024-06-21,C6H6,5.0,µg/m³,0.7
1031,2024-06-21,CO,10.0,mg/m³,0.4
1032,2024-06-21,NO2,200.0,µg/m³,56.2
1033,2024-06-21,O3,180.0,µg/m³,118.5
1034,2024-06-21,PM10,50.0,µg/m³,68.4
1035,2024-06-21,PM2.5,25.0,µg/m³,18.67
1036,2024-06-22,C6H6,5.0,µg/m³,0.85
1037,2024-06-22,CO,10.0,mg/m³,0.55
1038,2024-06-22,NO2,200.0,µg/m³,53.6
1039,2024-06-22,O3,180.0,µg/m³,103.0
1040,2024-06-22,PM10,50.0,µg/m³,75.0
1041,2024-06-22,PM2.5,25.0,µg/m³,20.0
1042,2024-06-23,C6H6,5.0,µg/m³,0.3
1043,2024-06-23,CO,10.0,mg/m³,0.25
1044,2024-06-23,NO2,200.0,µg/m³,38.8
1045,2024-06-23,O3,180.0,µg/m³,100.0
1046,2024-06-23,PM10,50.0,µg/m³,25.25
1047,2024-06-23,PM2.5,25.0,µg/m³,7.0
1048,2024-06-24,C6H6,5.0,µg/m³,0.45
1049,2024-06-24,CO,10.0,mg/m³,0.3
1050,2024-06-24,NO2,200.0,µg/m³,36.8
1051,2024-06-24,O3,180.0,µg/m³,87.0
1052,2024-06-24,PM10,50.0,µg/m³,22.6
1053,2024-06-24,PM2.5,25.0,µg/m³,8.33
1054,2024-06-25,C6H6,5.0,µg/m³,0.6
1055,2024-06-25,CO,10.0,mg/m³,0.35
1056,2024-06-25,NO2,200.0,µg/m³,47.8
1057,2024-06-25,O3,180.0,µg/m³,91.5
1058,2024-06-25,PM10,50.0,µg/m³,25.6
1059,2024-06-25,PM2.5,25.0,µg/m³,9.33
1060,2024-06-26,C6H6,5.0,µg/m³,0.45
1061,2024-06-26,CO,10.0,mg/m³,0.35
1062,2024-06-26,NO2,200.0,µg/m³,52.0
1063,2024-06-26,O3,180.0,µg/m³,89.5
1064,2024-06-26,PM10,50.0,µg/m³,26.0
1065,2024-06-26,PM2.5,25.0,µg/m³,9.33
1066,2024-06-27,C6H6,5.0,µg/m³,0.45
1067,2024-06-27,CO,10.0,mg/m³,0.3
1068,2024-06-27,NO2,200.0,µg/m³,40.2
1069,2024-06-27,O3,180.0,µg/m³,104.0
1070,2024-06-27,PM10,50.0,µg/m³,19.8
1071,2024-06-27,PM2.5,25.0,µg/m³,8.0
1072,2024-06-28,C6H6,5.0,µg/m³,0.4
1073,2024-06-28,CO,10.0,mg/m³,0.3
1074,2024-06-28,NO2,200.0,µg/m³,51.8
1075,2024-06-28,O3,180.0,µg/m³,117.0
1076,2024-06-28,PM10,50.0,µg/m³,18.4
1077,2024-06-28,PM2.5,25.0,µg/m³,9.33
1078,2024-06-29,C6H6,5.0,µg/m³,0.4
1079,2024-06-29,CO,10.0,mg/m³,0.3
1080,2024-06-29,NO2,200.0,µg/m³,58.6
1081,2024-06-29,O3,180.0,µg/m³,104.0
1082,2024-06-29,PM10,50.0,µg/m³,19.0
1083,2024-06-29,PM2.5,25.0,µg/m³,12.33
1084,2024-06-30,C6H6,5.0,µg/m³,0.4
1085,2024-06-30,CO,10.0,mg/m³,0.3
1086,2024-06-30,NO2,200.0,µg/m³,55.8
1087,2024-06-30,O3,180.0,µg/m³,105.0
1088,2024-06-30,PM10,50.0,µg/m³,26.0
1089,2024-06-30,PM2.5,25.0,µg/m³,13.0
1090,2024-07-01,C6H6,5.0,µg/m³,0.55
1091,2024-07-01,CO,10.0,mg/m³,0.35
1092,2024-07-01,NO2,200.0,µg/m³,48.0
1093,2024-07-01,O3,180.0,µg/m³,98.0
1094,2024-07-01,PM10,50.0,µg/m³,35.8
1095,2024-07-01,PM2.5,25.0,µg/m³,12.33
1096,2024-07-02,C6H6,5.0,µg/m³,0.4
1097,2024-07-02,CO,10.0,mg/m³,0.35
1098,2024-07-02,NO2,200.0,µg/m³,37.6
1099,2024-07-02,O3,180.0,µg/m³,108.5
1100,2024-07-02,PM10,50.0,µg/m³,24.25
1101,2024-07-02,PM2.5,25.0,µg/m³,6.5
1102,2024-07-03,C6H6,5.0,µg/m³,0.4
1103,2024-07-03,CO,10.0,mg/m³,0.3
1104,2024-07-03,NO2,200.0,µg/m³,42.8
1105,2024-07-03,O3,180.0,µg/m³,78.0
1106,2024-07-03,PM10,50.0,µg/m³,12.2
1107,2024-07-03,PM2.5,25.0,µg/m³,4.33
1108,2024-07-04,C6H6,5.0,µg/m³,0.2
1109,2024-07-04,CO,10.0,mg/m³,0.3
1110,2024-07-04,NO2,200.0,µg/m³,40.6
1111,2024-07-04,O3,180.0,µg/m³,86.5
1112,2024-07-04,PM10,50.0,µg/m³,14.4
1113,2024-07-04,PM2.5,25.0,µg/m³,6.33
1114,2024-07-05,C6H6,5.0,µg/m³,0.2
1115,2024-07-05,CO,10.0,mg/m³,0.3
1116,2024-07-05,NO2,200.0,µg/m³,39.2
1117,2024-07-05,O3,180.0,µg/m³,101.0
1118,2024-07-05,PM10,50.0,µg/m³,16.2
1119,2024-07-05,PM2.5,25.0,µg/m³,7.67
1120,2024-07-06,C6H6,5.0,µg/m³,0.5
1121,2024-07-06,CO,10.0,mg/m³,0.35
1122,2024-07-06,NO2,200.0,µg/m³,40.6
1123,2024-07-06,O3,180.0,µg/m³,93.0
1124,2024-07-06,PM10,50.0,µg/m³,19.8
1125,2024-07-06,PM2.5,25.0,µg/m³,10.67
1126,2024-07-07,C6H6,5.0,µg/m³,0.45
1127,2024-07-07,CO,10.0,mg/m³,0.3
1128,2024-07-07,NO2,200.0,µg/m³,31.8
1129,2024-07-07,O3,180.0,µg/m³,93.5
1130,2024-07-07,PM10,50.0,µg/m³,20.2
1131,2024-07-07,PM2.5,25.0,µg/m³,11.33
1132,2024-07-08,C6H6,5.0,µg/m³,0.55
1133,2024-07-08,CO,10.0,mg/m³,0.3
1134,2024-07-08,NO2,200.0,µg/m³,42.8
1135,2024-07-08,O3,180.0,µg/m³,89.0
1136,2024-07-08,PM10,50.0,µg/m³,27.4
1137,2024-07-08,PM2.5,25.0,µg/m³,15.33
1138,2024-07-09,C6H6,5.0,µg/m³,0.5
1139,2024-07-09,CO,10.0,mg/m³,0.3
1140,2024-07-09,NO2,200.0,µg/m³,46.8
1141,2024-07-09,O3,180.0,µg/m³,90.5
1142,2024-07-09,PM10,50.0,µg/m³,36.4
1143,2024-07-09,PM2.5,25.0,µg/m³,17.33
1144,2024-07-10,C6H6,5.0,µg/m³,0.55
1145,2024-07-10,CO,10.0,mg/m³,0.35
1146,2024-07-10,NO2,200.0,µg/m³,37.8
1147,2024-07-10,O3,180.0,µg/m³,103.0
1148,2024-07-10,PM10,50.0,µg/m³,35.8
1149,2024-07-10,PM2.5,25.0,µg/m³,18.33
1150,2024-07-11,C6H6,5.0,µg/m³,0.85
1151,2024-07-11,CO,10.0,mg/m³,0.5
1152,2024-07-11,NO2,200.0,µg/m³,70.8
1153,2024-07-11,O3,180.0,µg/m³,95.5
1154,2024-07-11,PM10,50.0,µg/m³,38.4
1155,2024-07-11,PM2.5,25.0,µg/m³,20.67
1156,2024-07-12,C6H6,5.0,µg/m³,0.7
1157,2024-07-12,CO,10.0,mg/m³,0.55
1158,2024-07-12,NO2,200.0,µg/m³,56.2
1159,2024-07-12,O3,180.0,µg/m³,109.5
1160,2024-07-12,PM10,50.0,µg/m³,39.2
1161,2024-07-12,PM2.5,25.0,µg/m³,20.33
1162,2024-07-13,C6H6,5.0,µg/m³,0.8
1163,2024-07-13,CO,10.0,mg/m³,0.55
1164,2024-07-13,NO2,200.0,µg/m³,64.6
1165,2024-07-13,O3,180.0,µg/m³,103.0
1166,2024-07-13,PM10,50.0,µg/m³,35.2
1167,2024-07-13,PM2.5,25.0,µg/m³,17.33
1168,2024-07-14,C6H6,5.0,µg/m³,0.45
1169,2024-07-14,CO,10.0,mg/m³,0.45
1170,2024-07-14,NO2,200.0,µg/m³,49.0
1171,2024-07-14,O3,180.0,µg/m³,94.0
1172,2024-07-14,PM10,50.0,µg/m³,31.6
1173,2024-07-14,PM2.5,25.0,µg/m³,14.0
1174,2024-07-15,C6H6,5.0,µg/m³,0.55
1175,2024-07-15,CO,10.0,mg/m³,0.4
1176,2024-07-15,NO2,200.0,µg/m³,64.2
1177,2024-07-15,O3,180.0,µg/m³,99.0
1178,2024-07-15,PM10,50.0,µg/m³,26.4
1179,2024-07-15,PM2.5,25.0,µg/m³,11.33
1180,2024-07-16,C6H6,5.0,µg/m³,0.7
1181,2024-07-16,CO,10.0,mg/m³,0.4
1182,2024-07-16,NO2,200.0,µg/m³,59.6
1183,2024-07-16,O3,180.0,µg/m³,96.5
1184,2024-07-16,PM10,50.0,µg/m³,28.2
1185,2024-07-16,PM2.5,25.0,µg/m³,13.33
1186,2024-07-17,C6H6,5.0,µg/m³,0.6
1187,2024-07-17,CO,10.0,mg/m³,0.35
1188,2024-07-17,NO2,200.0,µg/m³,60.0
1189,2024-07-17,O3,180.0,µg/m³,109.0
1190,2024-07-17,PM10,50.0,µg/m³,30.8
1191,2024-07-17,PM2.5,25.0,µg/m³,13.33
1192,2024-07-18,C6H6,5.0,µg/m³,0.6
1193,2024-07-18,CO,10.0,mg/m³,0.4
1194,2024-07-18,NO2,200.0,µg/m³,48.4
1195,2024-07-18,O3,180.0,µg/m³,104.5
1196,2024-07-18,PM10,50.0,µg/m³,28.8
1197,2024-07-18,PM2.5,25.0,µg/m³,13.33
1198,2024-07-19,C6H6,5.0,µg/m³,0.55
1199,2024-07-19,CO,10.0,mg/m³,0.35
1200,2024-07-19,NO2,200.0,µg/m³,47.0
1201,2024-07-19,O3,180.0,µg/m³,96.0
1202,2024-07-19,PM10,50.0,µg/m³,26.8
1203,2024-07-19,PM2.5,25.0,µg/m³,14.67
1204,2024-07-20,C6H6,5.0,µg/m³,0.2
1205,2024-07-20,CO,10.0,mg/m³,0.35
1206,2024-07-20,NO2,200.0,µg/m³,36.2
1207,2024-07-20,O3,180.0,µg/m³,105.0
1208,2024-07-20,PM10,50.0,µg/m³,26.4
1209,2024-07-20,PM2.5,25.0,µg/m³,13.0
1210,2024-07-21,C6H6,5.0,µg/m³,0.1
1211,2024-07-21,CO,10.0,mg/m³,0.3
1212,2024-07-21,NO2,200.0,µg/m³,32.4
1213,2024-07-21,O3,180.0,µg/m³,94.0
1214,2024-07-21,PM10,50.0,µg/m³,19.6
1215,2024-07-21,PM2.5,25.0,µg/m³,10.33
1216,2024-07-22,C6H6,5.0,µg/m³,0.2
1217,2024-07-22,CO,10.0,mg/m³,0.35
1218,2024-07-22,NO2,200.0,µg/m³,46.8
1219,2024-07-22,O3,180.0,µg/m³,97.5
1220,2024-07-22,PM10,50.0,µg/m³,25.0
1221,2024-07-22,PM2.5,25.0,µg/m³,10.33
1222,2024-07-23,C6H6,5.0,µg/m³,0.1
1223,2024-07-23,CO,10.0,mg/m³,0.3
1224,2024-07-23,NO2,200.0,µg/m³,34.0
1225,2024-07-23,O3,180.0,µg/m³,89.5
1226,2024-07-23,PM10,50.0,µg/m³,23.4
1227,2024-07-23,PM2.5,25.0,µg/m³,9.0
1228,2024-07-24,C6H6,5.0,µg/m³,0.45
1229,2024-07-24,CO,10.0,mg/m³,0.3
1230,2024-07-24,NO2,200.0,µg/m³,32.8
1231,2024-07-24,O3,180.0,µg/m³,97.0
1232,2024-07-24,PM10,50.0,µg/m³,22.2
1233,2024-07-24,PM2.5,25.0,µg/m³,11.0
1234,2024-07-25,C6H6,5.0,µg/m³,0.35
1235,2024-07-25,CO,10.0,mg/m³,0.3
1236,2024-07-25,NO2,200.0,µg/m³,35.6
1237,2024-07-25,O3,180.0,µg/m³,87.5
1238,2024-07-25,PM10,50.0,µg/m³,19.0
1239,2024-07-25,PM2.5,25.0,µg/m³,9.67
1240,2024-07-26,C6H6,5.0,µg/m³,0.45
1241,2024-07-26,CO,10.0,mg/m³,0.3
1242,2024-07-26,NO2,200.0,µg/m³,39.0
1243,2024-07-26,O3,180.0,µg/m³,98.5
1244,2024-07-26,PM10,50.0,µg/m³,16.6
1245,2024-07-26,PM2.5,25.0,µg/m³,9.67
1246,2024-07-27,C6H6,5.0,µg/m³,0.45
1247,2024-07-27,CO,10.0,mg/m³,0.35
1248,2024-07-27,NO2,200.0,µg/m³,42.0
1249,2024-07-27,O3,180.0,µg/m³,105.0
1250,2024-07-27,PM10,50.0,µg/m³,18.25
1251,2024-07-27,PM2.5,25.0,µg/m³,11.0
1252,2024-07-28,C6H6,5.0,µg/m³,0.65
1253,2024-07-28,CO,10.0,mg/m³,0.4
1254,2024-07-28,NO2,200.0,µg/m³,59.6
1255,2024-07-28,O3,180.0,µg/m³,110.5
1256,2024-07-28,PM10,50.0,µg/m³,22.75
1257,2024-07-28,PM2.5,25.0,µg/m³,15.0
1258,2024-07-29,C6H6,5.0,µg/m³,0.45
1259,2024-07-29,CO,10.0,mg/m³,0.5
1260,2024-07-29,NO2,200.0,µg/m³,47.4
1261,2024-07-29,O3,180.0,µg/m³,100.0
1262,2024-07-29,PM10,50.0,µg/m³,27.0
1263,2024-07-29,PM2.5,25.0,µg/m³,13.67
1264,2024-07-30,C6H6,5.0,µg/m³,0.4
1265,2024-07-30,CO,10.0,mg/m³,0.25
1266,2024-07-30,NO2,200.0,µg/m³,34.8
1267,2024-07-30,O3,180.0,µg/m³,101.5
1268,2024-07-30,PM10,50.0,µg/m³,22.0
1269,2024-07-30,PM2.5,25.0,µg/m³,10.0
1270,2024-07-31,C6H6,5.0,µg/m³,0.5
1271,2024-07-31,CO,10.0,mg/m³,0.35
1272,2024-07-31,NO2,200.0,µg/m³,54.2
1273,2024-07-31,O3,180.0,µg/m³,110.0
1274,2024-07-31,PM10,50.0,µg/m³,20.5
1275,2024-07-31,PM2.5,25.0,µg/m³,10.67
1276,2024-08-01,C6H6,5.0,µg/m³,0.7
1277,2024-08-01,CO,10.0,mg/m³,0.4
1278,2024-08-01,NO2,200.0,µg/m³,46.8
1279,2024-08-01,O3,180.0,µg/m³,112.5
1280,2024-08-01,PM10,50.0,µg/m³,26.4
1281,2024-08-01,PM2.5,25.0,µg/m³,13.0
1282,2024-08-02,C6H6,5.0,µg/m³,0.75
1283,2024-08-02,CO,10.0,mg/m³,0.45
1284,2024-08-02,NO2,200.0,µg/m³,54.0
1285,2024-08-02,O3,180.0,µg/m³,129.0
1286,2024-08-02,PM10,50.0,µg/m³,34.4
1287,2024-08-02,PM2.5,25.0,µg/m³,15.33
1288,2024-08-03,C6H6,5.0,µg/m³,0.45
1289,2024-08-03,CO,10.0,mg/m³,0.45
1290,2024-08-03,NO2,200.0,µg/m³,40.6
1291,2024-08-03,O3,180.0,µg/m³,117.0
1292,2024-08-03,PM10,50.0,µg/m³,28.8
1293,2024-08-03,PM2.5,25.0,µg/m³,14.67
1294,2024-08-04,C6H6,5.0,µg/m³,0.25
1295,2024-08-04,CO,10.0,mg/m³,0.35
1296,2024-08-04,NO2,200.0,µg/m³,32.2
1297,2024-08-04,O3,180.0,µg/m³,101.5
1298,2024-08-04,PM10,50.0,µg/m³,21.6
1299,2024-08-04,PM2.5,25.0,µg/m³,10.33
1300,2024-08-05,C6H6,5.0,µg/m³,0.7
1301,2024-08-05,CO,10.0,mg/m³,0.35
1302,2024-08-05,NO2,200.0,µg/m³,46.8
1303,2024-08-05,O3,180.0,µg/m³,100.0
1304,2024-08-05,PM10,50.0,µg/m³,20.4
1305,2024-08-05,PM2.5,25.0,µg/m³,11.67
1306,2024-08-06,C6H6,5.0,µg/m³,0.6
1307,2024-08-06,CO,10.0,mg/m³,0.45
1308,2024-08-06,NO2,200.0,µg/m³,55.8
1309,2024-08-06,O3,180.0,µg/m³,101.5
1310,2024-08-06,PM10,50.0,µg/m³,23.8
1311,2024-08-06,PM2.5,25.0,µg/m³,16.0
1312,2024-08-07,C6H6,5.0,µg/m³,0.8
1313,2024-08-07,CO,10.0,mg/m³,0.55
1314,2024-08-07,NO2,200.0,µg/m³,68.0
1315,2024-08-07,O3,180.0,µg/m³,99.5
1316,2024-08-07,PM10,50.0,µg/m³,22.8
1317,2024-08-07,PM2.5,25.0,µg/m³,11.67
1318,2024-08-08,C6H6,5.0,µg/m³,0.55
1319,2024-08-08,CO,10.0,mg/m³,0.55
1320,2024-08-08,NO2,200.0,µg/m³,45.4
1321,2024-08-08,O3,180.0,µg/m³,107.5
1322,2024-08-08,PM10,50.0,µg/m³,24.6
1323,2024-08-08,PM2.5,25.0,µg/m³,11.33
1324,2024-08-09,C6H6,5.0,µg/m³,0.35
1325,2024-08-09,CO,10.0,mg/m³,0.35
1326,2024-08-09,NO2,200.0,µg/m³,39.2
1327,2024-08-09,O3,180.0,µg/m³,113.5
1328,2024-08-09,PM10,50.0,µg/m³,29.0
1329,2024-08-09,PM2.5,25.0,µg/m³,13.67
1330,2024-08-10,C6H6,5.0,µg/m³,0.3
1331,2024-08-10,CO,10.0,mg/m³,0.3
1332,2024-08-10,NO2,200.0,µg/m³,46.4
1333,2024-08-10,O3,180.0,µg/m³,101.5
1334,2024-08-10,PM10,50.0,µg/m³,21.25
1335,2024-08-10,PM2.5,25.0,µg/m³,12.0
1336,2024-08-11,C6H6,5.0,µg/m³,0.3
1337,2024-08-11,CO,10.0,mg/m³,0.3
1338,2024-08-11,NO2,200.0,µg/m³,39.0
1339,2024-08-11,O3,180.0,µg/m³,114.5
1340,2024-08-11,PM10,50.0,µg/m³,19.6
1341,2024-08-11,PM2.5,25.0,µg/m³,11.67
1342,2024-08-12,C6H6,5.0,µg/m³,0.5
1343,2024-08-12,CO,10.0,mg/m³,0.4
1344,2024-08-12,NO2,200.0,µg/m³,56.0
1345,2024-08-12,O3,180.0,µg/m³,106.5
1346,2024-08-12,PM10,50.0,µg/m³,22.4
1347,2024-08-12,PM2.5,25.0,µg/m³,13.0
1348,2024-08-13,C6H6,5.0,µg/m³,0.6
1349,2024-08-13,CO,10.0,mg/m³,0.45
1350,2024-08-13,NO2,200.0,µg/m³,44.0
1351,2024-08-13,O3,180.0,µg/m³,110.0
1352,2024-08-13,PM10,50.0,µg/m³,25.25
1353,2024-08-13,PM2.5,25.0,µg/m³,12.67
1354,2024-08-14,C6H6,5.0,µg/m³,0.4
1355,2024-08-14,CO,10.0,mg/m³,0.4
1356,2024-08-14,NO2,200.0,µg/m³,40.6
1357,2024-08-14,O3,180.0,µg/m³,98.5
1358,2024-08-14,PM10,50.0,µg/m³,24.0
1359,2024-08-14,PM2.5,25.0,µg/m³,13.33
1360,2024-08-15,C6H6,5.0,µg/m³,0.4
1361,2024-08-15,CO,10.0,mg/m³,0.4
1362,2024-08-15,NO2,200.0,µg/m³,37.4
1363,2024-08-15,O3,180.0,µg/m³,100.0
1364,2024-08-15,PM10,50.0,µg/m³,23.25
1365,2024-08-15,PM2.5,25.0,µg/m³,13.33
1366,2024-08-16,C6H6,5.0,µg/m³,0.35
1367,2024-08-16,CO,10.0,mg/m³,0.35
1368,2024-08-16,NO2,200.0,µg/m³,45.0
1369,2024-08-16,O3,180.0,µg/m³,85.0
1370,2024-08-16,PM10,50.0,µg/m³,19.8
1371,2024-08-16,PM2.5,25.0,µg/m³,12.0
1372,2024-08-17,C6H6,5.0,µg/m³,0.35
1373,2024-08-17,CO,10.0,mg/m³,0.35
1374,2024-08-17,NO2,200.0,µg/m³,42.2
1375,2024-08-17,O3,180.0,µg/m³,95.5
1376,2024-08-17,PM10,50.0,µg/m³,24.0
1377,2024-08-17,PM2.5,25.0,µg/m³,13.33
1378,2024-08-18,C6H6,5.0,µg/m³,0.3
1379,2024-08-18,CO,10.0,mg/m³,0.3
1380,2024-08-18,NO2,200.0,µg/m³,31.8
1381,2024-08-18,O3,180.0,µg/m³,90.0
1382,2024-08-18,PM10,50.0,µg/m³,29.0
1383,2024-08-18,PM2.5,25.0,µg/m³,11.33
1384,2024-08-19,C6H6,5.0,µg/m³,0.25
1385,2024-08-19,CO,10.0,mg/m³,0.25
1386,2024-08-19,NO2,200.0,µg/m³,39.6
1387,2024-08-19,O3,180.0,µg/m³,96.5
1388,2024-08-19,PM10,50.0,µg/m³,22.67
1389,2024-08-19,PM2.5,25.0,µg/m³,8.5
1390,2024-08-20,C6H6,5.0,µg/m³,0.45
1391,2024-08-20,CO,10.0,mg/m³,0.35
1392,2024-08-20,NO2,200.0,µg/m³,43.0
1393,2024-08-20,O3,180.0,µg/m³,95.0
1394,2024-08-20,PM10,50.0,µg/m³,20.0
1395,2024-08-20,PM2.5,25.0,µg/m³,8.5
1396,2024-08-21,C6H6,5.0,µg/m³,0.35
1397,2024-08-21,CO,10.0,mg/m³,0.35
1398,2024-08-21,NO2,200.0,µg/m³,35.0
1399,2024-08-21,O3,180.0,µg/m³,90.0
1400,2024-08-21,PM10,50.0,µg/m³,14.67
1401,2024-08-21,PM2.5,25.0,µg/m³,6.0
1402,2024-08-22,C6H6,5.0,µg/m³,0.35
1403,2024-08-22,CO,10.0,mg/m³,0.35
1404,2024-08-22,NO2,200.0,µg/m³,45.6
1405,2024-08-22,O3,180.0,µg/m³,101.5
1406,2024-08-22,PM10,50.0,µg/m³,23.33
1407,2024-08-22,PM2.5,25.0,µg/m³,15.5
1408,2024-08-23,C6H6,5.0,µg/m³,0.2
1409,2024-08-23,CO,10.0,mg/m³,0.4
1410,2024-08-23,NO2,200.0,µg/m³,52.0
1411,2024-08-23,O3,180.0,µg/m³,102.0
1412,2024-08-23,PM10,50.0,µg/m³,28.67
1413,2024-08-23,PM2.5,25.0,µg/m³,18.0
1414,2024-08-24,C6H6,5.0,µg/m³,0.45
1415,2024-08-24,CO,10.0,mg/m³,0.45
1416,2024-08-24,NO2,200.0,µg/m³,44.2
1417,2024-08-24,O3,180.0,µg/m³,96.5
1418,2024-08-24,PM10,50.0,µg/m³,23.8
1419,2024-08-24,PM2.5,25.0,µg/m³,15.67
1420,2024-08-25,C6H6,5.0,µg/m³,0.35
1421,2024-08-25,CO,10.0,mg/m³,0.4
1422,2024-08-25,NO2,200.0,µg/m³,41.6
1423,2024-08-25,O3,180.0,µg/m³,96.5
1424,2024-08-25,PM10,50.0,µg/m³,20.2
1425,2024-08-25,PM2.5,25.0,µg/m³,12.0
1426,2024-08-26,C6H6,5.0,µg/m³,0.4
1427,2024-08-26,CO,10.0,mg/m³,0.35
1428,2024-08-26,NO2,200.0,µg/m³,48.0
1429,2024-08-26,O3,180.0,µg/m³,101.0
1430,2024-08-26,PM10,50.0,µg/m³,21.0
1431,2024-08-26,PM2.5,25.0,µg/m³,12.0
1432,2024-08-27,C6H6,5.0,µg/m³,0.45
1433,2024-08-27,CO,10.0,mg/m³,0.35
1434,2024-08-27,NO2,200.0,µg/m³,47.5
1435,2024-08-27,O3,180.0,µg/m³,107.0
1436,2024-08-27,PM10,50.0,µg/m³,25.75
1437,2024-08-27,PM2.5,25.0,µg/m³,15.33
1438,2024-08-28,C6H6,5.0,µg/m³,0.55
1439,2024-08-28,CO,10.0,mg/m³,0.35
1440,2024-08-28,NO2,200.0,µg/m³,51.0
1441,2024-08-28,O3,180.0,µg/m³,102.5
1442,2024-08-28,PM10,50.0,µg/m³,26.5
1443,2024-08-28,PM2.5,25.0,µg/m³,14.33
1444,2024-08-29,C6H6,5.0,µg/m³,0.5
1445,2024-08-29,CO,10.0,mg/m³,0.35
1446,2024-08-29,NO2,200.0,µg/m³,40.0
1447,2024-08-29,O3,180.0,µg/m³,105.0
1448,2024-08-29,PM10,50.0,µg/m³,29.5
1449,2024-08-29,PM2.5,25.0,µg/m³,17.67
1450,2024-08-30,C6H6,5.0,µg/m³,0.4
1451,2024-08-30,CO,10.0,mg/m³,0.35
1452,2024-08-30,NO2,200.0,µg/m³,41.0
1453,2024-08-30,O3,180.0,µg/m³,115.5
1454,2024-08-30,PM10,50.0,µg/m³,32.6
1455,2024-08-30,PM2.5,25.0,µg/m³,17.0
1456,2024-08-31,C6H6,5.0,µg/m³,0.45
1457,2024-08-31,CO,10.0,mg/m³,0.35
1458,2024-08-31,NO2,200.0,µg/m³,35.2
1459,2024-08-31,O3,180.0,µg/m³,112.5
1460,2024-08-31,PM10,50.0,µg/m³,31.6
1461,2024-08-31,PM2.5,25.0,µg/m³,15.33
1462,2024-09-01,C6H6,5.0,µg/m³,0.4
1463,2024-09-01,CO,10.0,mg/m³,0.35
1464,2024-09-01,NO2,200.0,µg/m³,52.6
1465,2024-09-01,O3,180.0,µg/m³,111.0
1466,2024-09-01,PM10,50.0,µg/m³,33.4
1467,2024-09-01,PM2.5,25.0,µg/m³,16.0
1468,2024-09-02,C6H6,5.0,µg/m³,0.85
1469,2024-09-02,CO,10.0,mg/m³,0.55
1470,2024-09-02,NO2,200.0,µg/m³,71.2
1471,2024-09-02,O3,180.0,µg/m³,113.0
1472,2024-09-02,PM10,50.0,µg/m³,40.8
1473,2024-09-02,PM2.5,25.0,µg/m³,20.67
1474,2024-09-03,C6H6,5.0,µg/m³,0.7
1475,2024-09-03,CO,10.0,mg/m³,0.55
1476,2024-09-03,NO2,200.0,µg/m³,56.4
1477,2024-09-03,O3,180.0,µg/m³,100.5
1478,2024-09-03,PM10,50.0,µg/m³,35.0
1479,2024-09-03,PM2.5,25.0,µg/m³,18.33
1480,2024-09-04,C6H6,5.0,µg/m³,0.6
1481,2024-09-04,CO,10.0,mg/m³,0.45
1482,2024-09-04,NO2,200.0,µg/m³,38.6
1483,2024-09-04,O3,180.0,µg/m³,88.5
1484,2024-09-04,PM10,50.0,µg/m³,29.8
1485,2024-09-04,PM2.5,25.0,µg/m³,16.0
1486,2024-09-05,C6H6,5.0,µg/m³,0.45
1487,2024-09-05,CO,10.0,mg/m³,0.3
1488,2024-09-05,NO2,200.0,µg/m³,32.75
1489,2024-09-05,O3,180.0,µg/m³,77.0
1490,2024-09-05,PM10,50.0,µg/m³,27.8
1491,2024-09-05,PM2.5,25.0,µg/m³,12.33
1492,2024-09-06,C6H6,5.0,µg/m³,0.6
1493,2024-09-06,CO,10.0,mg/m³,0.35
1494,2024-09-06,NO2,200.0,µg/m³,42.2
1495,2024-09-06,O3,180.0,µg/m³,84.5
1496,2024-09-06,PM10,50.0,µg/m³,39.2
1497,2024-09-06,PM2.5,25.0,µg/m³,14.33
1498,2024-09-07,C6H6,5.0,µg/m³,0.5
1499,2024-09-07,CO,10.0,mg/m³,0.4
1500,2024-09-07,NO2,200.0,µg/m³,35.6
1501,2024-09-07,O3,180.0,µg/m³,79.5
1502,2024-09-07,PM10,50.0,µg/m³,38.4
1503,2024-09-07,PM2.5,25.0,µg/m³,13.33
1504,2024-09-08,C6H6,5.0,µg/m³,0.45
1505,2024-09-08,CO,10.0,mg/m³,0.45
1506,2024-09-08,NO2,200.0,µg/m³,35.6
1507,2024-09-08,O3,180.0,µg/m³,86.5
1508,2024-09-08,PM10,50.0,µg/m³,34.4
1509,2024-09-08,PM2.5,25.0,µg/m³,12.33
1510,2024-09-09,C6H6,5.0,µg/m³,0.3
1511,2024-09-09,CO,10.0,mg/m³,0.25
1512,2024-09-09,NO2,200.0,µg/m³,28.8
1513,2024-09-09,O3,180.0,µg/m³,71.5
1514,2024-09-09,PM10,50.0,µg/m³,38.0
1515,2024-09-09,PM2.5,25.0,µg/m³,12.0
1516,2024-09-10,C6H6,5.0,µg/m³,0.25
1517,2024-09-10,CO,10.0,mg/m³,0.3
1518,2024-09-10,NO2,200.0,µg/m³,35.6
1519,2024-09-10,O3,180.0,µg/m³,87.0
1520,2024-09-10,PM10,50.0,µg/m³,14.2
1521,2024-09-10,PM2.5,25.0,µg/m³,4.33
1522,2024-09-11,C6H6,5.0,µg/m³,0.5
1523,2024-09-11,CO,10.0,mg/m³,0.4
1524,2024-09-11,NO2,200.0,µg/m³,56.2
1525,2024-09-11,O3,180.0,µg/m³,88.5
1526,2024-09-11,PM10,50.0,µg/m³,10.5
1527,2024-09-11,PM2.5,25.0,µg/m³,4.67
1528,2024-09-12,C6H6,5.0,µg/m³,0.75
1529,2024-09-12,CO,10.0,mg/m³,0.45
1530,2024-09-12,NO2,200.0,µg/m³,65.8
1531,2024-09-12,O3,180.0,µg/m³,84.5
1532,2024-09-12,PM10,50.0,µg/m³,16.0
1533,2024-09-12,PM2.5,25.0,µg/m³,7.33
1534,2024-09-13,C6H6,5.0,µg/m³,0.35
1535,2024-09-13,CO,10.0,mg/m³,0.45
1536,2024-09-13,NO2,200.0,µg/m³,29.6
1537,2024-09-13,O3,180.0,µg/m³,71.5
1538,2024-09-13,PM10,50.0,µg/m³,15.4
1539,2024-09-13,PM2.5,25.0,µg/m³,6.33
1540,2024-09-14,C6H6,5.0,µg/m³,0.3
1541,2024-09-14,CO,10.0,mg/m³,0.3
1542,2024-09-14,NO2,200.0,µg/m³,30.2
1543,2024-09-14,O3,180.0,µg/m³,74.0
1544,2024-09-14,PM10,50.0,µg/m³,9.2
1545,2024-09-14,PM2.5,25.0,µg/m³,3.33
1546,2024-09-15,C6H6,5.0,µg/m³,0.3
1547,2024-09-15,CO,10.0,mg/m³,0.3
1548,2024-09-15,NO2,200.0,µg/m³,34.0
1549,2024-09-15,O3,180.0,µg/m³,67.5
1550,2024-09-15,PM10,50.0,µg/m³,9.0
1551,2024-09-15,PM2.5,25.0,µg/m³,3.0
1552,2024-09-16,C6H6,5.0,µg/m³,0.45
1553,2024-09-16,CO,10.0,mg/m³,0.35
1554,2024-09-16,NO2,200.0,µg/m³,29.2
1555,2024-09-16,O3,180.0,µg/m³,64.0
1556,2024-09-16,PM10,50.0,µg/m³,10.2
1557,2024-09-16,PM2.5,25.0,µg/m³,3.67
1558,2024-09-17,C6H6,5.0,µg/m³,0.45
1559,2024-09-17,CO,10.0,mg/m³,0.35
1560,2024-09-17,NO2,200.0,µg/m³,38.6
1561,2024-09-17,O3,180.0,µg/m³,72.0
1562,2024-09-17,PM10,50.0,µg/m³,13.8
1563,2024-09-17,PM2.5,25.0,µg/m³,5.67
1564,2024-09-18,C6H6,5.0,µg/m³,0.55
1565,2024-09-18,CO,10.0,mg/m³,0.35
1566,2024-09-18,NO2,200.0,µg/m³,48.8
1567,2024-09-18,O3,180.0,µg/m³,82.0
1568,2024-09-18,PM10,50.0,µg/m³,11.4
1569,2024-09-18,PM2.5,25.0,µg/m³,6.0
1570,2024-09-19,C6H6,5.0,µg/m³,0.6
1571,2024-09-19,CO,10.0,mg/m³,0.35
1572,2024-09-19,NO2,200.0,µg/m³,44.0
1573,2024-09-19,O3,180.0,µg/m³,75.0
1574,2024-09-19,PM10,50.0,µg/m³,14.2
1575,2024-09-19,PM2.5,25.0,µg/m³,7.5
1576,2024-09-20,C6H6,5.0,µg/m³,0.7
1577,2024-09-20,CO,10.0,mg/m³,0.4
1578,2024-09-20,NO2,200.0,µg/m³,46.4
1579,2024-09-20,O3,180.0,µg/m³,92.5
1580,2024-09-20,PM10,50.0,µg/m³,12.0
1581,2024-09-20,PM2.5,25.0,µg/m³,5.33
1582,2024-09-21,C6H6,5.0,µg/m³,0.2
1583,2024-09-21,CO,10.0,mg/m³,0.35
1584,2024-09-21,NO2,200.0,µg/m³,57.2
1585,2024-09-21,O3,180.0,µg/m³,86.5
1586,2024-09-21,PM10,50.0,µg/m³,13.25
1587,2024-09-21,PM2.5,25.0,µg/m³,6.67
1588,2024-09-22,C6H6,5.0,µg/m³,0.2
1589,2024-09-22,CO,10.0,mg/m³,0.45
1590,2024-09-22,NO2,200.0,µg/m³,45.6
1591,2024-09-22,O3,180.0,µg/m³,79.5
1592,2024-09-22,PM10,50.0,µg/m³,16.75
1593,2024-09-22,PM2.5,25.0,µg/m³,9.67
1594,2024-09-23,C6H6,5.0,µg/m³,0.3
1595,2024-09-23,CO,10.0,mg/m³,0.4
1596,2024-09-23,NO2,200.0,µg/m³,44.6
1597,2024-09-23,O3,180.0,µg/m³,92.5
1598,2024-09-23,PM10,50.0,µg/m³,17.0
1599,2024-09-23,PM2.5,25.0,µg/m³,10.33
1600,2024-09-24,C6H6,5.0,µg/m³,0.2
1601,2024-09-24,CO,10.0,mg/m³,0.4
1602,2024-09-24,NO2,200.0,µg/m³,49.0
1603,2024-09-24,O3,180.0,µg/m³,85.5
1604,2024-09-24,PM10,50.0,µg/m³,17.25
1605,2024-09-24,PM2.5,25.0,µg/m³,8.0
1606,2024-09-25,C6H6,5.0,µg/m³,0.65
1607,2024-09-25,CO,10.0,mg/m³,0.45
1608,2024-09-25,NO2,200.0,µg/m³,52.2
1609,2024-09-25,O3,180.0,µg/m³,88.5
1610,2024-09-25,PM10,50.0,µg/m³,15.33
1611,2024-09-25,PM2.5,25.0,µg/m³,9.0
1612,2024-09-26,C6H6,5.0,µg/m³,0.85
1613,2024-09-26,CO,10.0,mg/m³,0.55
1614,2024-09-26,NO2,200.0,µg/m³,52.2
1615,2024-09-26,O3,180.0,µg/m³,90.5
1616,2024-09-26,PM10,50.0,µg/m³,15.8
1617,2024-09-26,PM2.5,25.0,µg/m³,9.67
1618,2024-09-27,C6H6,5.0,µg/m³,0.7
1619,2024-09-27,CO,10.0,mg/m³,0.45
1620,2024-09-27,NO2,200.0,µg/m³,50.4
1621,2024-09-27,O3,180.0,µg/m³,94.0
1622,2024-09-27,PM10,50.0,µg/m³,20.75
1623,2024-09-27,PM2.5,25.0,µg/m³,11.33
1624,2024-09-28,C6H6,5.0,µg/m³,0.75
1625,2024-09-28,CO,10.0,mg/m³,0.4
1626,2024-09-28,NO2,200.0,µg/m³,48.8
1627,2024-09-28,O3,180.0,µg/m³,84.5
1628,2024-09-28,PM10,50.0,µg/m³,19.25
1629,2024-09-28,PM2.5,25.0,µg/m³,10.0
1630,2024-09-29,C6H6,5.0,µg/m³,0.25
1631,2024-09-29,CO,10.0,mg/m³,0.35
1632,2024-09-29,NO2,200.0,µg/m³,19.0
1633,2024-09-29,O3,180.0,µg/m³,74.0
1634,2024-09-29,PM10,50.0,µg/m³,13.0
1635,2024-09-29,PM2.5,25.0,µg/m³,4.33
1636,2024-09-30,C6H6,5.0,µg/m³,0.35
1637,2024-09-30,CO,10.0,mg/m³,0.3
1638,2024-09-30,NO2,200.0,µg/m³,38.0
1639,2024-09-30,O3,180.0,µg/m³,79.5
1640,2024-09-30,PM10,50.0,µg/m³,11.25
1641,2024-09-30,PM2.5,25.0,µg/m³,4.0
1642,2024-10-01,C6H6,5.0,µg/m³,0.65
1643,2024-10-01,CO,10.0,mg/m³,0.4
1644,2024-10-01,NO2,200.0,µg/m³,64.0
1645,2024-10-01,O3,180.0,µg/m³,83.0
1646,2024-10-01,PM10,50.0,µg/m³,12.4
1647,2024-10-01,PM2.5,25.0,µg/m³,5.33
1648,2024-10-02,C6H6,5.0,µg/m³,0.55
1649,2024-10-02,CO,10.0,mg/m³,0.4
1650,2024-10-02,NO2,200.0,µg/m³,46.4
1651,2024-10-02,O3,180.0,µg/m³,73.5
1652,2024-10-02,PM10,50.0,µg/m³,14.2
1653,2024-10-02,PM2.5,25.0,µg/m³,6.33
1654,2024-10-03,C6H6,5.0,µg/m³,0.5
1655,2024-10-03,CO,10.0,mg/m³,0.4
1656,2024-10-03,NO2,200.0,µg/m³,41.0
1657,2024-10-03,O3,180.0,µg/m³,65.0
1658,2024-10-03,PM10,50.0,µg/m³,23.6
1659,2024-10-03,PM2.5,25.0,µg/m³,10.33
1660,2024-10-04,C6H6,5.0,µg/m³,0.6
1661,2024-10-04,CO,10.0,mg/m³,0.35
1662,2024-10-04,NO2,200.0,µg/m³,37.4
1663,2024-10-04,O3,180.0,µg/m³,85.0
1664,2024-10-04,PM10,50.0,µg/m³,16.4
1665,2024-10-04,PM2.5,25.0,µg/m³,5.33
1666,2024-10-05,C6H6,5.0,µg/m³,0.6
1667,2024-10-05,CO,10.0,mg/m³,0.35
1668,2024-10-05,NO2,200.0,µg/m³,52.4
1669,2024-10-05,O3,180.0,µg/m³,80.0
1670,2024-10-05,PM10,50.0,µg/m³,13.5
1671,2024-10-05,PM2.5,25.0,µg/m³,6.67
1672,2024-10-06,C6H6,5.0,µg/m³,0.5
1673,2024-10-06,CO,10.0,mg/m³,0.4
1674,2024-10-06,NO2,200.0,µg/m³,48.2
1675,2024-10-06,O3,180.0,µg/m³,72.5
1676,2024-10-06,PM10,50.0,µg/m³,10.25
1677,2024-10-06,PM2.5,25.0,µg/m³,5.0
1678,2024-10-07,C6H6,5.0,µg/m³,0.65
1679,2024-10-07,CO,10.0,mg/m³,0.4
1680,2024-10-07,NO2,200.0,µg/m³,44.6
1681,2024-10-07,O3,180.0,µg/m³,86.5
1682,2024-10-07,PM10,50.0,µg/m³,13.0
1683,2024-10-07,PM2.5,25.0,µg/m³,7.0
1684,2024-10-08,C6H6,5.0,µg/m³,0.55
1685,2024-10-08,CO,10.0,mg/m³,0.4
1686,2024-10-08,NO2,200.0,µg/m³,42.4
1687,2024-10-08,O3,180.0,µg/m³,76.5
1688,2024-10-08,PM10,50.0,µg/m³,15.75
1689,2024-10-08,PM2.5,25.0,µg/m³,6.0
1690,2024-10-09,C6H6,5.0,µg/m³,0.85
1691,2024-10-09,CO,10.0,mg/m³,0.55
1692,2024-10-09,NO2,200.0,µg/m³,48.0
1693,2024-10-09,O3,180.0,µg/m³,78.5
1694,2024-10-09,PM10,50.0,µg/m³,16.5
1695,2024-10-09,PM2.5,25.0,µg/m³,6.67
1696,2024-10-10,C6H6,5.0,µg/m³,0.7
1697,2024-10-10,CO,10.0,mg/m³,0.55
1698,2024-10-10,NO2,200.0,µg/m³,44.6
1699,2024-10-10,O3,180.0,µg/m³,67.0
1700,2024-10-10,PM10,50.0,µg/m³,23.75
1701,2024-10-10,PM2.5,25.0,µg/m³,6.67
1702,2024-10-11,C6H6,5.0,µg/m³,0.55
1703,2024-10-11,CO,10.0,mg/m³,0.4
1704,2024-10-11,NO2,200.0,µg/m³,49.8
1705,2024-10-11,O3,180.0,µg/m³,79.0
1706,2024-10-11,PM10,50.0,µg/m³,24.5
1707,2024-10-11,PM2.5,25.0,µg/m³,7.33
1708,2024-10-12,C6H6,5.0,µg/m³,0.55
1709,2024-10-12,CO,10.0,mg/m³,0.4
1710,2024-10-12,NO2,200.0,µg/m³,50.4
1711,2024-10-12,O3,180.0,µg/m³,75.0
1712,2024-10-12,PM10,50.0,µg/m³,18.25
1713,2024-10-12,PM2.5,25.0,µg/m³,6.33
1714,2024-10-13,C6H6,5.0,µg/m³,0.6
1715,2024-10-13,CO,10.0,mg/m³,0.4
1716,2024-10-13,NO2,200.0,µg/m³,56.8
1717,2024-10-13,O3,180.0,µg/m³,91.0
1718,2024-10-13,PM10,50.0,µg/m³,17.4
1719,2024-10-13,PM2.5,25.0,µg/m³,8.67
1720,2024-10-14,C6H6,5.0,µg/m³,0.8
1721,2024-10-14,CO,10.0,mg/m³,0.5
1722,2024-10-14,NO2,200.0,µg/m³,64.2
1723,2024-10-14,O3,180.0,µg/m³,80.5
1724,2024-10-14,PM10,50.0,µg/m³,21.4
1725,2024-10-14,PM2.5,25.0,µg/m³,9.33
1726,2024-10-15,C6H6,5.0,µg/m³,0.75
1727,2024-10-15,CO,10.0,mg/m³,0.5
1728,2024-10-15,NO2,200.0,µg/m³,66.8
1729,2024-10-15,O3,180.0,µg/m³,76.0
1730,2024-10-15,PM10,50.0,µg/m³,20.25
1731,2024-10-15,PM2.5,25.0,µg/m³,9.0
1732,2024-10-16,C6H6,5.0,µg/m³,0.75
1733,2024-10-16,CO,10.0,mg/m³,0.5
1734,2024-10-16,NO2,200.0,µg/m³,56.6
1735,2024-10-16,O3,180.0,µg/m³,79.5
1736,2024-10-16,PM10,50.0,µg/m³,20.6
1737,2024-10-16,PM2.5,25.0,µg/m³,10.0
1738,2024-10-17,C6H6,5.0,µg/m³,0.8
1739,2024-10-17,CO,10.0,mg/m³,0.45
1740,2024-10-17,NO2,200.0,µg/m³,44.6
1741,2024-10-17,O3,180.0,µg/m³,67.5
1742,2024-10-17,PM10,50.0,µg/m³,23.0
1743,2024-10-17,PM2.5,25.0,µg/m³,11.33
1744,2024-10-18,C6H6,5.0,µg/m³,0.7
1745,2024-10-18,CO,10.0,mg/m³,0.4
1746,2024-10-18,NO2,200.0,µg/m³,37.0
1747,2024-10-18,O3,180.0,µg/m³,57.5
1748,2024-10-18,PM10,50.0,µg/m³,22.0
1749,2024-10-18,PM2.5,25.0,µg/m³,10.0
1750,2024-10-19,C6H6,5.0,µg/m³,0.3
1751,2024-10-19,CO,10.0,mg/m³,0.4
1752,2024-10-19,NO2,200.0,µg/m³,25.0
1753,2024-10-19,O3,180.0,µg/m³,61.0
1754,2024-10-19,PM10,50.0,µg/m³,15.6
1755,2024-10-19,PM2.5,25.0,µg/m³,6.0
1756,2024-10-20,C6H6,5.0,µg/m³,0.35
1757,2024-10-20,CO,10.0,mg/m³,0.3
1758,2024-10-20,NO2,200.0,µg/m³,22.4
1759,2024-10-20,O3,180.0,µg/m³,69.5
1760,2024-10-20,PM10,50.0,µg/m³,18.0
1761,2024-10-20,PM2.5,25.0,µg/m³,6.67
1762,2024-10-21,C6H6,5.0,µg/m³,0.15
1763,2024-10-21,CO,10.0,mg/m³,0.45
1764,2024-10-21,NO2,200.0,µg/m³,46.0
1765,2024-10-21,O3,180.0,µg/m³,63.5
1766,2024-10-21,PM10,50.0,µg/m³,22.8
1767,2024-10-21,PM2.5,25.0,µg/m³,11.0
1768,2024-10-22,C6H6,5.0,µg/m³,0.4
1769,2024-10-22,CO,10.0,mg/m³,0.55
1770,2024-10-22,NO2,200.0,µg/m³,55.6
1771,2024-10-22,O3,180.0,µg/m³,69.5
1772,2024-10-22,PM10,50.0,µg/m³,26.75
1773,2024-10-22,PM2.5,25.0,µg/m³,15.0
1774,2024-10-23,C6H6,5.0,µg/m³,0.6
1775,2024-10-23,CO,10.0,mg/m³,0.5
1776,2024-10-23,NO2,200.0,µg/m³,60.6
1777,2024-10-23,O3,180.0,µg/m³,71.5
1778,2024-10-23,PM10,50.0,µg/m³,29.2
1779,2024-10-23,PM2.5,25.0,µg/m³,15.67
1780,2024-10-24,C6H6,5.0,µg/m³,1.1
1781,2024-10-24,CO,10.0,mg/m³,0.55
1782,2024-10-24,NO2,200.0,µg/m³,54.2
1783,2024-10-24,O3,180.0,µg/m³,76.0
1784,2024-10-24,PM10,50.0,µg/m³,24.2
1785,2024-10-24,PM2.5,25.0,µg/m³,12.67
1786,2024-10-25,C6H6,5.0,µg/m³,1.05
1787,2024-10-25,CO,10.0,mg/m³,0.45
1788,2024-10-25,NO2,200.0,µg/m³,58.6
1789,2024-10-25,O3,180.0,µg/m³,69.5
1790,2024-10-25,PM10,50.0,µg/m³,30.6
1791,2024-10-25,PM2.5,25.0,µg/m³,18.67
1792,2024-10-26,C6H6,5.0,µg/m³,1.0
1793,2024-10-26,CO,10.0,mg/m³,0.55
1794,2024-10-26,NO2,200.0,µg/m³,44.0
1795,2024-10-26,O3,180.0,µg/m³,90.5
1796,2024-10-26,PM10,50.0,µg/m³,22.6
1797,2024-10-26,PM2.5,25.0,µg/m³,14.33
1798,2024-10-27,C6H6,5.0,µg/m³,0.6
1799,2024-10-27,CO,10.0,mg/m³,0.4
1800,2024-10-27,NO2,200.0,µg/m³,38.4
1801,2024-10-27,O3,180.0,µg/m³,78.0
1802,2024-10-27,PM10,50.0,µg/m³,18.0
1803,2024-10-27,PM2.5,25.0,µg/m³,9.33
1804,2024-10-28,C6H6,5.0,µg/m³,0.65
1805,2024-10-28,CO,10.0,mg/m³,0.35
1806,2024-10-28,NO2,200.0,µg/m³,57.2
1807,2024-10-28,O3,180.0,µg/m³,71.0
1808,2024-10-28,PM10,50.0,µg/m³,22.0
1809,2024-10-28,PM2.5,25.0,µg/m³,12.33
1810,2024-10-29,C6H6,5.0,µg/m³,0.6
1811,2024-10-29,CO,10.0,mg/m³,0.3
1812,2024-10-29,NO2,200.0,µg/m³,51.0
1813,2024-10-29,O3,180.0,µg/m³,71.0
1814,2024-10-29,PM10,50.0,µg/m³,28.0
1815,2024-10-29,PM2.5,25.0,µg/m³,13.67
1816,2024-10-30,C6H6,5.0,µg/m³,0.65
1817,2024-10-30,CO,10.0,mg/m³,0.35
1818,2024-10-30,NO2,200.0,µg/m³,41.4
1819,2024-10-30,O3,180.0,µg/m³,63.5
1820,2024-10-30,PM10,50.0,µg/m³,33.25
1821,2024-10-30,PM2.5,25.0,µg/m³,17.0
1822,2024-10-31,C6H6,5.0,µg/m³,0.75
1823,2024-10-31,CO,10.0,mg/m³,0.4
1824,2024-10-31,NO2,200.0,µg/m³,62.0
1825,2024-10-31,O3,180.0,µg/m³,69.5
1826,2024-10-31,PM10,50.0,µg/m³,30.6
1827,2024-10-31,PM2.5,25.0,µg/m³,16.0
1828,2024-11-01,C6H6,5.0,µg/m³,0.65
1829,2024-11-01,CO,10.0,mg/m³,0.4
1830,2024-11-01,NO2,200.0,µg/m³,56.8
1831,2024-11-01,O3,180.0,µg/m³,76.0
1832,2024-11-01,PM10,50.0,µg/m³,22.0
1833,2024-11-01,PM2.5,25.0,µg/m³,13.33
1834,2024-11-02,C6H6,5.0,µg/m³,0.6
1835,2024-11-02,CO,10.0,mg/m³,0.35
1836,2024-11-02,NO2,200.0,µg/m³,64.2
1837,2024-11-02,O3,180.0,µg/m³,76.5
1838,2024-11-02,PM10,50.0,µg/m³,18.6
1839,2024-11-02,PM2.5,25.0,µg/m³,10.0
1840,2024-11-03,C6H6,5.0,µg/m³,0.55
1841,2024-11-03,CO,10.0,mg/m³,0.4
1842,2024-11-03,NO2,200.0,µg/m³,52.2
1843,2024-11-03,O3,180.0,µg/m³,68.5
1844,2024-11-03,PM10,50.0,µg/m³,20.8
1845,2024-11-03,PM2.5,25.0,µg/m³,11.33
1846,2024-11-04,C6H6,5.0,µg/m³,0.6
1847,2024-11-04,CO,10.0,mg/m³,0.35
1848,2024-11-04,NO2,200.0,µg/m³,47.0
1849,2024-11-04,O3,180.0,µg/m³,67.5
1850,2024-11-04,PM10,50.0,µg/m³,15.75
1851,2024-11-04,PM2.5,25.0,µg/m³,7.67
1852,2024-11-05,C6H6,5.0,µg/m³,0.85
1853,2024-11-05,CO,10.0,mg/m³,0.45
1854,2024-11-05,NO2,200.0,µg/m³,64.8
1855,2024-11-05,O3,180.0,µg/m³,73.0
1856,2024-11-05,PM10,50.0,µg/m³,22.5
1857,2024-11-05,PM2.5,25.0,µg/m³,11.67
1858,2024-11-06,C6H6,5.0,µg/m³,0.95
1859,2024-11-06,CO,10.0,mg/m³,0.45
1860,2024-11-06,NO2,200.0,µg/m³,67.0
1861,2024-11-06,O3,180.0,µg/m³,76.0
1862,2024-11-06,PM10,50.0,µg/m³,25.5
1863,2024-11-06,PM2.5,25.0,µg/m³,15.0
1864,2024-11-07,C6H6,5.0,µg/m³,1.1
1865,2024-11-07,CO,10.0,mg/m³,0.55
1866,2024-11-07,NO2,200.0,µg/m³,71.2
1867,2024-11-07,O3,180.0,µg/m³,77.0
1868,2024-11-07,PM10,50.0,µg/m³,27.0
1869,2024-11-07,PM2.5,25.0,µg/m³,19.33
1870,2024-11-08,C6H6,5.0,µg/m³,1.2
1871,2024-11-08,CO,10.0,mg/m³,0.65
1872,2024-11-08,NO2,200.0,µg/m³,72.0
1873,2024-11-08,O3,180.0,µg/m³,83.0
1874,2024-11-08,PM10,50.0,µg/m³,30.4
1875,2024-11-08,PM2.5,25.0,µg/m³,20.67
1876,2024-11-09,C6H6,5.0,µg/m³,0.8
1877,2024-11-09,CO,10.0,mg/m³,0.65
1878,2024-11-09,NO2,200.0,µg/m³,52.0
1879,2024-11-09,O3,180.0,µg/m³,75.5
1880,2024-11-09,PM10,50.0,µg/m³,20.0
1881,2024-11-09,PM2.5,25.0,µg/m³,13.33
1882,2024-11-10,C6H6,5.0,µg/m³,0.7
1883,2024-11-10,CO,10.0,mg/m³,0.4
1884,2024-11-10,NO2,200.0,µg/m³,54.0
1885,2024-11-10,O3,180.0,µg/m³,76.5
1886,2024-11-10,PM10,50.0,µg/m³,21.4
1887,2024-11-10,PM2.5,25.0,µg/m³,15.67
1888,2024-11-11,C6H6,5.0,µg/m³,1.25
1889,2024-11-11,CO,10.0,mg/m³,0.65
1890,2024-11-11,NO2,200.0,µg/m³,64.2
1891,2024-11-11,O3,180.0,µg/m³,65.0
1892,2024-11-11,PM10,50.0,µg/m³,28.5
1893,2024-11-11,PM2.5,25.0,µg/m³,18.33
1894,2024-11-12,C6H6,5.0,µg/m³,1.35
1895,2024-11-12,CO,10.0,mg/m³,0.65
1896,2024-11-12,NO2,200.0,µg/m³,66.4
1897,2024-11-12,O3,180.0,µg/m³,68.0
1898,2024-11-12,PM10,50.0,µg/m³,23.0
1899,2024-11-12,PM2.5,25.0,µg/m³,13.67
1900,2024-11-13,C6H6,5.0,µg/m³,1.1
1901,2024-11-13,CO,10.0,mg/m³,0.55
1902,2024-11-13,NO2,200.0,µg/m³,62.2
1903,2024-11-13,O3,180.0,µg/m³,50.0
1904,2024-11-13,PM10,50.0,µg/m³,21.25
1905,2024-11-13,PM2.5,25.0,µg/m³,12.0
1906,2024-11-14,C6H6,5.0,µg/m³,1.0
1907,2024-11-14,CO,10.0,mg/m³,0.45
1908,2024-11-14,NO2,200.0,µg/m³,49.25
1909,2024-11-14,O3,180.0,µg/m³,60.0
1910,2024-11-14,PM10,50.0,µg/m³,13.8
1911,2024-11-14,PM2.5,25.0,µg/m³,8.67
1912,2024-11-15,C6H6,5.0,µg/m³,0.7
1913,2024-11-15,CO,10.0,mg/m³,0.45
1914,2024-11-15,NO2,200.0,µg/m³,27.75
1915,2024-11-15,O3,180.0,µg/m³,66.0
1916,2024-11-15,PM10,50.0,µg/m³,12.0
1917,2024-11-15,PM2.5,25.0,µg/m³,6.0
1918,2024-11-16,C6H6,5.0,µg/m³,0.7
1919,2024-11-16,CO,10.0,mg/m³,0.35
1920,2024-11-16,NO2,200.0,µg/m³,36.5
1921,2024-11-16,O3,180.0,µg/m³,62.5
1922,2024-11-16,PM10,50.0,µg/m³,18.8
1923,2024-11-16,PM2.5,25.0,µg/m³,7.33
1924,2024-11-17,C6H6,5.0,µg/m³,1.3
1925,2024-11-17,CO,10.0,mg/m³,0.6
1926,2024-11-17,NO2,200.0,µg/m³,57.25
1927,2024-11-17,O3,180.0,µg/m³,71.0
1928,2024-11-17,PM10,50.0,µg/m³,18.6
1929,2024-11-17,PM2.5,25.0,µg/m³,10.33
1930,2024-11-18,C6H6,5.0,µg/m³,1.1
1931,2024-11-18,CO,10.0,mg/m³,0.6
1932,2024-11-18,NO2,200.0,µg/m³,55.25
1933,2024-11-18,O3,180.0,µg/m³,70.0
1934,2024-11-18,PM10,50.0,µg/m³,23.5
1935,2024-11-18,PM2.5,25.0,µg/m³,10.67
1936,2024-11-19,C6H6,5.0,µg/m³,0.85
1937,2024-11-19,CO,10.0,mg/m³,0.45
1938,2024-11-19,NO2,200.0,µg/m³,43.5
1939,2024-11-19,O3,180.0,µg/m³,54.5
1940,2024-11-19,PM10,50.0,µg/m³,15.25
1941,2024-11-19,PM2.5,25.0,µg/m³,6.33
1942,2024-11-20,C6H6,5.0,µg/m³,0.55
1943,2024-11-20,CO,10.0,mg/m³,0.4
1944,2024-11-20,NO2,200.0,µg/m³,32.75
1945,2024-11-20,O3,180.0,µg/m³,69.0
1946,2024-11-20,PM10,50.0,µg/m³,17.75
1947,2024-11-20,PM2.5,25.0,µg/m³,5.67
1948,2024-11-21,C6H6,5.0,µg/m³,0.3
1949,2024-11-21,CO,10.0,mg/m³,0.35
1950,2024-11-21,NO2,200.0,µg/m³,44.5
1951,2024-11-21,O3,180.0,µg/m³,71.5
1952,2024-11-21,PM10,50.0,µg/m³,14.8
1953,2024-11-21,PM2.5,25.0,µg/m³,5.0
1954,2024-11-22,C6H6,5.0,µg/m³,0.2
1955,2024-11-22,CO,10.0,mg/m³,0.35
1956,2024-11-22,NO2,200.0,µg/m³,31.0
1957,2024-11-22,O3,180.0,µg/m³,65.5
1958,2024-11-22,PM10,50.0,µg/m³,15.6
1959,2024-11-22,PM2.5,25.0,µg/m³,5.67
1960,2024-11-23,C6H6,5.0,µg/m³,0.5
1961,2024-11-23,CO,10.0,mg/m³,0.3
1962,2024-11-23,NO2,200.0,µg/m³,33.0
1963,2024-11-23,O3,180.0,µg/m³,68.5
1964,2024-11-23,PM10,50.0,µg/m³,13.2
1965,2024-11-23,PM2.5,25.0,µg/m³,6.33
1966,2024-11-24,C6H6,5.0,µg/m³,0.8
1967,2024-11-24,CO,10.0,mg/m³,0.4
1968,2024-11-24,NO2,200.0,µg/m³,53.0
1969,2024-11-24,O3,180.0,µg/m³,68.5
1970,2024-11-24,PM10,50.0,µg/m³,17.2
1971,2024-11-24,PM2.5,25.0,µg/m³,12.0
1972,2024-11-25,C6H6,5.0,µg/m³,1.6
1973,2024-11-25,CO,10.0,mg/m³,0.8
1974,2024-11-25,NO2,200.0,µg/m³,83.5
1975,2024-11-25,O3,180.0,µg/m³,56.5
1976,2024-11-25,PM10,50.0,µg/m³,31.0
1977,2024-11-25,PM2.5,25.0,µg/m³,20.0
1978,2024-11-26,C6H6,5.0,µg/m³,1.4
1979,2024-11-26,CO,10.0,mg/m³,0.8
1980,2024-11-26,NO2,200.0,µg/m³,60.2
1981,2024-11-26,O3,180.0,µg/m³,59.5
1982,2024-11-26,PM10,50.0,µg/m³,24.2
1983,2024-11-26,PM2.5,25.0,µg/m³,13.67
1984,2024-11-27,C6H6,5.0,µg/m³,1.75
1985,2024-11-27,CO,10.0,mg/m³,0.7
1986,2024-11-27,NO2,200.0,µg/m³,63.4
1987,2024-11-27,O3,180.0,µg/m³,56.5
1988,2024-11-27,PM10,50.0,µg/m³,31.8
1989,2024-11-27,PM2.5,25.0,µg/m³,16.0
1990,2024-11-28,C6H6,5.0,µg/m³,1.2
1991,2024-11-28,CO,10.0,mg/m³,0.65
1992,2024-11-28,NO2,200.0,µg/m³,52.0
1993,2024-11-28,O3,180.0,µg/m³,37.0
1994,2024-11-28,PM10,50.0,µg/m³,29.0
1995,2024-11-28,PM2.5,25.0,µg/m³,16.0
1996,2024-11-29,C6H6,5.0,µg/m³,0.85
1997,2024-11-29,CO,10.0,mg/m³,0.45
1998,2024-11-29,NO2,200.0,µg/m³,55.0
1999,2024-11-29,O3,180.0,µg/m³,50.5
2000,2024-11-29,PM10,50.0,µg/m³,15.4
2001,2024-11-29,PM2.5,25.0,µg/m³,6.67
2002,2024-11-30,C6H6,5.0,µg/m³,0.65
2003,2024-11-30,CO,10.0,mg/m³,0.25
2004,2024-11-30,NO2,200.0,µg/m³,34.6
2005,2024-11-30,O3,180.0,µg/m³,49.0
2006,2024-11-30,PM10,50.0,µg/m³,10.2
2007,2024-11-30,PM2.5,25.0,µg/m³,4.0
2008,2024-12-01,C6H6,5.0,µg/m³,0.75
2009,2024-12-01,CO,10.0,mg/m³,0.3
2010,2024-12-01,NO2,200.0,µg/m³,23.8
2011,2024-12-01,O3,180.0,µg/m³,43.5
2012,2024-12-01,PM10,50.0,µg/m³,10.6
2013,2024-12-01,PM2.5,25.0,µg/m³,5.67
2014,2024-12-02,C6H6,5.0,µg/m³,1.1
2015,2024-12-02,CO,10.0,mg/m³,0.5
2016,2024-12-02,NO2,200.0,µg/m³,41.2
2017,2024-12-02,O3,180.0,µg/m³,30.5
2018,2024-12-02,PM10,50.0,µg/m³,20.0
2019,2024-12-02,PM2.5,25.0,µg/m³,10.67
2020,2024-12-03,C6H6,5.0,µg/m³,1.25
2021,2024-12-03,CO,10.0,mg/m³,0.6
2022,2024-12-03,NO2,200.0,µg/m³,56.4
2023,2024-12-03,O3,180.0,µg/m³,35.5
2024,2024-12-03,PM10,50.0,µg/m³,23.0
2025,2024-12-03,PM2.5,25.0,µg/m³,13.33
2026,2024-12-04,C6H6,5.0,µg/m³,1.25
2027,2024-12-04,CO,10.0,mg/m³,0.6
2028,2024-12-04,NO2,200.0,µg/m³,56.8
2029,2024-12-04,O3,180.0,µg/m³,45.5
2030,2024-12-04,PM10,50.0,µg/m³,22.25
2031,2024-12-04,PM2.5,25.0,µg/m³,14.0
2032,2024-12-05,C6H6,5.0,µg/m³,0.75
2033,2024-12-05,CO,10.0,mg/m³,0.45
2034,2024-12-05,NO2,200.0,µg/m³,41.2
2035,2024-12-05,O3,180.0,µg/m³,49.5
2036,2024-12-05,PM10,50.0,µg/m³,9.8
2037,2024-12-05,PM2.5,25.0,µg/m³,4.33
2038,2024-12-06,C6H6,5.0,µg/m³,1.05
2039,2024-12-06,CO,10.0,mg/m³,0.6
2040,2024-12-06,NO2,200.0,µg/m³,55.2
2041,2024-12-06,O3,180.0,µg/m³,42.5
2042,2024-12-06,PM10,50.0,µg/m³,14.4
2043,2024-12-06,PM2.5,25.0,µg/m³,8.67
2044,2024-12-07,C6H6,5.0,µg/m³,0.85
2045,2024-12-07,CO,10.0,mg/m³,0.6
2046,2024-12-07,NO2,200.0,µg/m³,58.6
2047,2024-12-07,O3,180.0,µg/m³,54.5
2048,2024-12-07,PM10,50.0,µg/m³,14.25
2049,2024-12-07,PM2.5,25.0,µg/m³,7.33
2050,2024-12-08,C6H6,5.0,µg/m³,0.65
2051,2024-12-08,CO,10.0,mg/m³,0.55
2052,2024-12-08,NO2,200.0,µg/m³,48.8
2053,2024-12-08,O3,180.0,µg/m³,49.5
2054,2024-12-08,PM10,50.0,µg/m³,9.5
2055,2024-12-08,PM2.5,25.0,µg/m³,4.0
2056,2024-12-09,C6H6,5.0,µg/m³,0.8
2057,2024-12-09,CO,10.0,mg/m³,0.55
2058,2024-12-09,NO2,200.0,µg/m³,58.8
2059,2024-12-09,O3,180.0,µg/m³,50.0
2060,2024-12-09,PM10,50.0,µg/m³,11.2
2061,2024-12-09,PM2.5,25.0,µg/m³,4.67
2062,2024-12-10,C6H6,5.0,µg/m³,1.05
2063,2024-12-10,CO,10.0,mg/m³,0.65
2064,2024-12-10,NO2,200.0,µg/m³,69.6
2065,2024-12-10,O3,180.0,µg/m³,39.0
2066,2024-12-10,PM10,50.0,µg/m³,18.2
2067,2024-12-10,PM2.5,25.0,µg/m³,9.33
2068,2024-12-11,C6H6,5.0,µg/m³,1.55
2069,2024-12-11,CO,10.0,mg/m³,0.85
2070,2024-12-11,NO2,200.0,µg/m³,77.6
2071,2024-12-11,O3,180.0,µg/m³,32.0
2072,2024-12-11,PM10,50.0,µg/m³,28.8
2073,2024-12-11,PM2.5,25.0,µg/m³,14.0
2074,2024-12-12,C6H6,5.0,µg/m³,1.45
2075,2024-12-12,CO,10.0,mg/m³,0.85
2076,2024-12-12,NO2,200.0,µg/m³,64.2
2077,2024-12-12,O3,180.0,µg/m³,56.0
2078,2024-12-12,PM10,50.0,µg/m³,20.6
2079,2024-12-12,PM2.5,25.0,µg/m³,10.67
2080,2024-12-13,C6H6,5.0,µg/m³,1.4
2081,2024-12-13,CO,10.0,mg/m³,0.75
2082,2024-12-13,NO2,200.0,µg/m³,53.0
2083,2024-12-13,O3,180.0,µg/m³,33.5
2084,2024-12-13,PM10,50.0,µg/m³,20.0
2085,2024-12-13,PM2.5,25.0,µg/m³,10.67
2086,2024-12-14,C6H6,5.0,µg/m³,1.05
2087,2024-12-14,CO,10.0,mg/m³,0.6
2088,2024-12-14,NO2,200.0,µg/m³,57.0
2089,2024-12-14,O3,180.0,µg/m³,45.0
2090,2024-12-14,PM10,50.0,µg/m³,19.75
2091,2024-12-14,PM2.5,25.0,µg/m³,8.0
2092,2024-12-15,C6H6,5.0,µg/m³,0.8
2093,2024-12-15,CO,10.0,mg/m³,0.65
2094,2024-12-15,NO2,200.0,µg/m³,40.4
2095,2024-12-15,O3,180.0,µg/m³,56.5
2096,2024-12-15,PM10,50.0,µg/m³,12.0
2097,2024-12-15,PM2.5,25.0,µg/m³,4.67
2098,2024-12-16,C6H6,5.0,µg/m³,0.95
2099,2024-12-16,CO,10.0,mg/m³,0.5
2100,2024-12-16,NO2,200.0,µg/m³,67.4
2101,2024-12-16,O3,180.0,µg/m³,63.0
2102,2024-12-16,PM10,50.0,µg/m³,15.25
2103,2024-12-16,PM2.5,25.0,µg/m³,7.33
2104,2024-12-17,C6H6,5.0,µg/m³,2.0
2105,2024-12-17,CO,10.0,mg/m³,0.9
2106,2024-12-17,NO2,200.0,µg/m³,89.4
2107,2024-12-17,O3,180.0,µg/m³,48.5
2108,2024-12-17,PM10,50.0,µg/m³,29.75
2109,2024-12-17,PM2.5,25.0,µg/m³,16.0
2110,2024-12-18,C6H6,5.0,µg/m³,1.6
2111,2024-12-18,CO,10.0,mg/m³,0.85
2112,2024-12-18,NO2,200.0,µg/m³,77.8
2113,2024-12-18,O3,180.0,µg/m³,60.0
2114,2024-12-18,PM10,50.0,µg/m³,34.2
2115,2024-12-18,PM2.5,25.0,µg/m³,19.67
2116,2024-12-19,C6H6,5.0,µg/m³,1.4
2117,2024-12-19,CO,10.0,mg/m³,0.75
2118,2024-12-19,NO2,200.0,µg/m³,52.8
2119,2024-12-19,O3,180.0,µg/m³,49.0
2120,2024-12-19,PM10,50.0,µg/m³,22.8
2121,2024-12-19,PM2.5,25.0,µg/m³,12.0
2122,2024-12-20,C6H6,5.0,µg/m³,0.8
2123,2024-12-20,CO,10.0,mg/m³,0.4
2124,2024-12-20,NO2,200.0,µg/m³,64.8
2125,2024-12-20,O3,180.0,µg/m³,68.5
2126,2024-12-20,PM10,50.0,µg/m³,12.6
2127,2024-12-20,PM2.5,25.0,µg/m³,5.33
2128,2024-12-21,C6H6,5.0,µg/m³,0.55
2129,2024-12-21,CO,10.0,mg/m³,0.4
2130,2024-12-21,NO2,200.0,µg/m³,29.2
2131,2024-12-21,O3,180.0,µg/m³,68.0
2132,2024-12-21,PM10,50.0,µg/m³,11.6
2133,2024-12-21,PM2.5,25.0,µg/m³,3.33
2134,2024-12-22,C6H6,5.0,µg/m³,0.75
2135,2024-12-22,CO,10.0,mg/m³,0.35
2136,2024-12-22,NO2,200.0,µg/m³,51.5
2137,2024-12-22,O3,180.0,µg/m³,70.0
2138,2024-12-22,PM10,50.0,µg/m³,13.25
2139,2024-12-22,PM2.5,25.0,µg/m³,6.0
2140,2024-12-23,C6H6,5.0,µg/m³,0.3
2141,2024-12-23,CO,10.0,mg/m³,0.35
2142,2024-12-23,NO2,200.0,µg/m³,37.75
2143,2024-12-23,O3,180.0,µg/m³,69.0
2144,2024-12-23,PM10,50.0,µg/m³,7.25
2145,2024-12-23,PM2.5,25.0,µg/m³,3.5
2146,2024-12-24,C6H6,5.0,µg/m³,0.4
2147,2024-12-24,CO,10.0,mg/m³,0.25
2148,2024-12-24,NO2,200.0,µg/m³,15.75
2149,2024-12-24,O3,180.0,µg/m³,66.5
2150,2024-12-24,PM10,50.0,µg/m³,13.75
2151,2024-12-24,PM2.5,25.0,µg/m³,3.33
2152,2024-12-25,C6H6,5.0,µg/m³,0.4
2153,2024-12-25,CO,10.0,mg/m³,0.2
2154,2024-12-25,NO2,200.0,µg/m³,13.75
2155,2024-12-25,O3,180.0,µg/m³,59.5
2156,2024-12-25,PM10,50.0,µg/m³,20.8
2157,2024-12-25,PM2.5,25.0,µg/m³,4.33
2158,2024-12-26,C6H6,5.0,µg/m³,0.6
2159,2024-12-26,CO,10.0,mg/m³,0.6
2160,2024-12-26,NO2,200.0,µg/m³,56.6
2161,2024-12-26,O3,180.0,µg/m³,57.0
2162,2024-12-26,PM10,50.0,µg/m³,23.6
2163,2024-12-26,PM2.5,25.0,µg/m³,10.33
2164,2024-12-27,C6H6,5.0,µg/m³,0.5
2165,2024-12-27,CO,10.0,mg/m³,0.65
2166,2024-12-27,NO2,200.0,µg/m³,40.0
2167,2024-12-27,O3,180.0,µg/m³,69.5
2168,2024-12-27,PM10,50.0,µg/m³,22.2
2169,2024-12-27,PM2.5,25.0,µg/m³,10.0
2170,2024-12-28,C6H6,5.0,µg/m³,0.5
2171,2024-12-28,CO,10.0,mg/m³,0.45
2172,2024-12-28,NO2,200.0,µg/m³,64.6
2173,2024-12-28,O3,180.0,µg/m³,66.0
2174,2024-12-28,PM10,50.0,µg/m³,22.6
2175,2024-12-28,PM2.5,25.0,µg/m³,11.0
2176,2024-12-29,C6H6,5.0,µg/m³,0.6
2177,2024-12-29,CO,10.0,mg/m³,0.55
2178,2024-12-29,NO2,200.0,µg/m³,72.6
2179,2024-12-29,O3,180.0,µg/m³,67.0
2180,2024-12-29,PM10,50.0,µg/m³,23.8
2181,2024-12-29,PM2.5,25.0,µg/m³,15.0
2182,2024-12-30,C6H6,5.0,µg/m³,1.0
2183,2024-12-30,CO,10.0,mg/m³,0.95
2184,2024-12-30,NO2,200.0,µg/m³,84.0
2185,2024-12-30,O3,180.0,µg/m³,58.5
2186,2024-12-30,PM10,50.0,µg/m³,40.8
2187,2024-12-30,PM2.5,25.0,µg/m³,30.67
2188,2024-12-31,C6H6,5.0,µg/m³,2.15
2189,2024-12-31,CO,10.0,mg/m³,1.0
2190,2024-12-31,NO2,200.0,µg/m³,75.6
2191,2024-12-31,O3,180.0,µg/m³,56.5
2192,2024-12-31,PM10,50.0,µg/m³,48.0
2193,2024-12-31,PM2.5,25.0,µg/m³,39.0
